BreakerId,ActiveEnergy,timestamp
1,991508,2026-02-25T12:53:12.884Z
2,17481,2026-02-25T12:53:12.890Z
3,433176,2026-02-25T12:53:12.895Z
4,1025910,2026-02-25T12:53:12.897Z
5,555274,2026-02-25T12:53:12.900Z
6,0,2026-02-25T12:53:12.902Z
7,12690,2026-02-25T12:53:12.905Z
1,991510,2026-02-25T13:00:01.669Z
2,17483,2026-02-25T13:00:01.675Z
3,433176,2026-02-25T13:00:01.677Z
4,1025920,2026-02-25T13:00:01.679Z
5,555276,2026-02-25T13:00:01.682Z
6,0,2026-02-25T13:00:01.684Z
7,12701,2026-02-25T13:00:01.686Z
1,991531,2026-02-25T14:00:01.908Z
2,17500,2026-02-25T14:00:01.916Z
3,433176,2026-02-25T14:00:01.918Z
4,1025980,2026-02-25T14:00:01.920Z
5,555298,2026-02-25T14:00:01.922Z
6,0,2026-02-25T14:00:01.923Z
7,12768,2026-02-25T14:00:01.925Z
1,991552,2026-02-25T15:00:01.606Z
2,17519,2026-02-25T15:00:01.612Z
3,433176,2026-02-25T15:00:01.614Z
4,1026050,2026-02-25T15:00:01.617Z
5,555321,2026-02-25T15:00:01.620Z
6,0,2026-02-25T15:00:01.622Z
7,12814,2026-02-25T15:00:01.624Z
1,991573,2026-02-25T16:00:01.617Z
2,17536,2026-02-25T16:00:01.623Z
3,433176,2026-02-25T16:00:01.624Z
4,1026100,2026-02-25T16:00:01.627Z
5,555345,2026-02-25T16:00:01.629Z
6,0,2026-02-25T16:00:01.631Z
7,12857,2026-02-25T16:00:01.633Z
1,991595,2026-02-25T17:00:01.509Z
2,17555,2026-02-25T17:00:01.516Z
3,433176,2026-02-25T17:00:01.518Z
4,1026150,2026-02-25T17:00:01.520Z
5,555367,2026-02-25T17:00:01.522Z
6,0,2026-02-25T17:00:01.523Z
7,12884,2026-02-25T17:00:01.525Z
1,991615,2026-02-25T18:00:01.621Z
2,17572,2026-02-25T18:00:01.624Z
3,433176,2026-02-25T18:00:01.626Z
4,1026200,2026-02-25T18:00:01.627Z
5,555388,2026-02-25T18:00:01.628Z
6,0,2026-02-25T18:00:01.629Z
7,12896,2026-02-25T18:00:01.630Z
1,991632,2026-02-25T19:00:01.588Z
2,17588,2026-02-25T19:00:01.594Z
3,433176,2026-02-25T19:00:01.595Z
4,1026250,2026-02-25T19:00:01.597Z
5,555410,2026-02-25T19:00:01.599Z
6,0,2026-02-25T19:00:01.601Z
7,12896,2026-02-25T19:00:01.602Z
1,991649,2026-02-25T20:00:01.565Z
2,17604,2026-02-25T20:00:01.568Z
3,433176,2026-02-25T20:00:01.570Z
4,1026280,2026-02-25T20:00:01.571Z
5,555427,2026-02-25T20:00:01.572Z
6,0,2026-02-25T20:00:01.573Z
7,12896,2026-02-25T20:00:01.575Z
1,991665,2026-02-25T21:00:01.871Z
2,17619,2026-02-25T21:00:01.875Z
3,433176,2026-02-25T21:00:01.876Z
4,1026310,2026-02-25T21:00:01.877Z
5,555442,2026-02-25T21:00:01.880Z
6,0,2026-02-25T21:00:01.881Z
7,12896,2026-02-25T21:00:01.882Z
1,991681,2026-02-25T22:00:01.549Z
2,17633,2026-02-25T22:00:01.551Z
3,433176,2026-02-25T22:00:01.553Z
4,1026350,2026-02-25T22:00:01.554Z
5,555459,2026-02-25T22:00:01.555Z
6,0,2026-02-25T22:00:01.556Z
7,12896,2026-02-25T22:00:01.557Z
1,991698,2026-02-25T23:00:01.632Z
2,17648,2026-02-25T23:00:01.635Z
3,433176,2026-02-25T23:00:01.637Z
4,1026370,2026-02-25T23:00:01.638Z
5,555475,2026-02-25T23:00:01.639Z
6,0,2026-02-25T23:00:01.640Z
7,12896,2026-02-25T23:00:01.641Z
1,991714,2026-02-26T00:00:01.563Z
2,17663,2026-02-26T00:00:01.566Z
3,433176,2026-02-26T00:00:01.567Z
4,1026400,2026-02-26T00:00:01.569Z
5,555490,2026-02-26T00:00:01.570Z
6,0,2026-02-26T00:00:01.571Z
7,12896,2026-02-26T00:00:01.572Z
1,991730,2026-02-26T01:00:01.550Z
2,17678,2026-02-26T01:00:01.555Z
3,433176,2026-02-26T01:00:01.557Z
4,1026430,2026-02-26T01:00:01.560Z
5,555507,2026-02-26T01:00:01.561Z
6,0,2026-02-26T01:00:01.563Z
7,12896,2026-02-26T01:00:01.564Z
1,991746,2026-02-26T02:00:01.598Z
2,17693,2026-02-26T02:00:01.601Z
3,433176,2026-02-26T02:00:01.603Z
4,1026450,2026-02-26T02:00:01.604Z
5,555523,2026-02-26T02:00:01.605Z
6,0,2026-02-26T02:00:01.606Z
7,12896,2026-02-26T02:00:01.607Z
1,991762,2026-02-26T03:00:01.604Z
2,17707,2026-02-26T03:00:01.608Z
3,433176,2026-02-26T03:00:01.610Z
4,1026480,2026-02-26T03:00:01.611Z
5,555538,2026-02-26T03:00:01.612Z
6,0,2026-02-26T03:00:01.613Z
7,12896,2026-02-26T03:00:01.615Z
1,991778,2026-02-26T04:00:01.737Z
2,17722,2026-02-26T04:00:01.740Z
3,433176,2026-02-26T04:00:01.742Z
4,1026510,2026-02-26T04:00:01.743Z
5,555555,2026-02-26T04:00:01.744Z
6,0,2026-02-26T04:00:01.746Z
7,12896,2026-02-26T04:00:01.747Z
1,991795,2026-02-26T05:00:01.596Z
2,17737,2026-02-26T05:00:01.601Z
3,433176,2026-02-26T05:00:01.602Z
4,1026530,2026-02-26T05:00:01.604Z
5,555571,2026-02-26T05:00:01.605Z
6,0,2026-02-26T05:00:01.606Z
7,12896,2026-02-26T05:00:01.607Z
1,991810,2026-02-26T06:00:01.535Z
2,17751,2026-02-26T06:00:01.538Z
3,433176,2026-02-26T06:00:01.539Z
4,1026560,2026-02-26T06:00:01.541Z
5,555586,2026-02-26T06:00:01.542Z
6,0,2026-02-26T06:00:01.544Z
7,12896,2026-02-26T06:00:01.545Z
1,991827,2026-02-26T07:00:01.618Z
2,17766,2026-02-26T07:00:01.622Z
3,433176,2026-02-26T07:00:01.623Z
4,1026590,2026-02-26T07:00:01.624Z
5,555605,2026-02-26T07:00:01.625Z
6,0,2026-02-26T07:00:01.626Z
7,12896,2026-02-26T07:00:01.628Z
1,991844,2026-02-26T08:00:01.573Z
2,17782,2026-02-26T08:00:01.577Z
3,433176,2026-02-26T08:00:01.578Z
4,1026660,2026-02-26T08:00:01.579Z
5,555627,2026-02-26T08:00:01.580Z
6,0,2026-02-26T08:00:01.581Z
7,12896,2026-02-26T08:00:01.582Z
1,991863,2026-02-26T09:00:01.596Z
2,17798,2026-02-26T09:00:01.600Z
3,433176,2026-02-26T09:00:01.601Z
4,1026740,2026-02-26T09:00:01.602Z
5,555649,2026-02-26T09:00:01.604Z
6,0,2026-02-26T09:00:01.605Z
7,12935,2026-02-26T09:00:01.606Z
1,991883,2026-02-26T10:00:01.707Z
2,17814,2026-02-26T10:00:01.711Z
3,433176,2026-02-26T10:00:01.713Z
4,1026810,2026-02-26T10:00:01.714Z
5,555673,2026-02-26T10:00:01.716Z
6,0,2026-02-26T10:00:01.717Z
7,13017,2026-02-26T10:00:01.718Z
1,991904,2026-02-26T11:00:01.926Z
2,17833,2026-02-26T11:00:01.933Z
3,433176,2026-02-26T11:00:01.935Z
4,1026880,2026-02-26T11:00:01.936Z
5,555697,2026-02-26T11:00:01.937Z
6,0,2026-02-26T11:00:01.938Z
7,13112,2026-02-26T11:00:01.939Z
1,991928,2026-02-26T12:00:01.663Z
2,17853,2026-02-26T12:00:01.670Z
3,433176,2026-02-26T12:00:01.671Z
4,1026950,2026-02-26T12:00:01.673Z
5,555721,2026-02-26T12:00:01.674Z
6,0,2026-02-26T12:00:01.675Z
7,13177,2026-02-26T12:00:01.677Z
1,991952,2026-02-26T13:00:01.718Z
2,17874,2026-02-26T13:00:01.727Z
3,433176,2026-02-26T13:00:01.729Z
4,1027030,2026-02-26T13:00:01.730Z
5,555749,2026-02-26T13:00:01.731Z
6,0,2026-02-26T13:00:01.732Z
7,13211,2026-02-26T13:00:01.733Z
1,991973,2026-02-26T14:00:01.624Z
2,17892,2026-02-26T14:00:01.628Z
3,433176,2026-02-26T14:00:01.629Z
4,1027100,2026-02-26T14:00:01.630Z
5,555774,2026-02-26T14:00:01.631Z
6,0,2026-02-26T14:00:01.633Z
7,13227,2026-02-26T14:00:01.633Z
1,991998,2026-02-26T15:00:01.721Z
2,17914,2026-02-26T15:00:01.735Z
3,433176,2026-02-26T15:00:01.737Z
4,1027150,2026-02-26T15:00:01.738Z
5,555799,2026-02-26T15:00:01.741Z
6,0,2026-02-26T15:00:01.742Z
7,13250,2026-02-26T15:00:01.743Z
1,992023,2026-02-26T16:00:01.635Z
2,17936,2026-02-26T16:00:01.649Z
3,433176,2026-02-26T16:00:01.651Z
4,1027200,2026-02-26T16:00:01.652Z
5,555826,2026-02-26T16:00:01.653Z
6,0,2026-02-26T16:00:01.654Z
7,13272,2026-02-26T16:00:01.655Z
1,992050,2026-02-26T17:00:01.642Z
2,17959,2026-02-26T17:00:01.654Z
3,433176,2026-02-26T17:00:01.656Z
4,1027250,2026-02-26T17:00:01.658Z
5,555850,2026-02-26T17:00:01.661Z
6,0,2026-02-26T17:00:01.663Z
7,13290,2026-02-26T17:00:01.665Z
1,992071,2026-02-26T18:00:01.928
2,17978,2026-02-26T18:00:01.928
3,433176,2026-02-26T18:00:01.928
4,1027300,2026-02-26T18:00:01.928
5,555875,2026-02-26T18:00:01.928
6,0,2026-02-26T18:00:01.928
7,13304,2026-02-26T18:00:01.928
1,992089,2026-02-26T19:00:01.640
2,17995,2026-02-26T19:00:01.640
3,433176,2026-02-26T19:00:01.641
4,1027350,2026-02-26T19:00:01.641
5,555902,2026-02-26T19:00:01.641
6,0,2026-02-26T19:00:01.641
7,13315,2026-02-26T19:00:01.641
1,992105,2026-02-26T20:00:01.585
2,18010,2026-02-26T20:00:01.585
3,433176,2026-02-26T20:00:01.585
4,1027380,2026-02-26T20:00:01.585
5,555922,2026-02-26T20:00:01.585
6,0,2026-02-26T20:00:01.585
7,13320,2026-02-26T20:00:01.585
1,992122,2026-02-26T21:00:01.640
2,18025,2026-02-26T21:00:01.641
3,433176,2026-02-26T21:00:01.641
4,1027420,2026-02-26T21:00:01.641
5,555941,2026-02-26T21:00:01.641
6,0,2026-02-26T21:00:01.641
7,13320,2026-02-26T21:00:01.641
1,992138,2026-02-26T22:00:01.618
2,18039,2026-02-26T22:00:01.618
3,433176,2026-02-26T22:00:01.618
4,1027450,2026-02-26T22:00:01.618
5,555961,2026-02-26T22:00:01.618
6,0,2026-02-26T22:00:01.618
7,13320,2026-02-26T22:00:01.618
1,992154,2026-02-26T23:00:01.689
2,18054,2026-02-26T23:00:01.689
3,433176,2026-02-26T23:00:01.689
4,1027480,2026-02-26T23:00:01.690
5,555980,2026-02-26T23:00:01.690
6,0,2026-02-26T23:00:01.690
7,13320,2026-02-26T23:00:01.690
1,992170,2026-02-27T00:00:01.581
2,18069,2026-02-27T00:00:01.581
3,433176,2026-02-27T00:00:01.581
4,1027510,2026-02-27T00:00:01.581
5,555998,2026-02-27T00:00:01.581
6,0,2026-02-27T00:00:01.581
7,13320,2026-02-27T00:00:01.581
1,992186,2026-02-27T01:00:01.844
2,18083,2026-02-27T01:00:01.845
3,433176,2026-02-27T01:00:01.845
4,1027540,2026-02-27T01:00:01.845
5,556018,2026-02-27T01:00:01.845
6,0,2026-02-27T01:00:01.845
7,13320,2026-02-27T01:00:01.845
1,992202,2026-02-27T02:00:01.578
2,18098,2026-02-27T02:00:01.578
3,433176,2026-02-27T02:00:01.578
4,1027570,2026-02-27T02:00:01.578
5,556037,2026-02-27T02:00:01.578
6,0,2026-02-27T02:00:01.578
7,13320,2026-02-27T02:00:01.578
1,992218,2026-02-27T03:00:01.556
2,18112,2026-02-27T03:00:01.556
3,433176,2026-02-27T03:00:01.556
4,1027590,2026-02-27T03:00:01.556
5,556055,2026-02-27T03:00:01.556
6,0,2026-02-27T03:00:01.556
7,13320,2026-02-27T03:00:01.556
1,992234,2026-02-27T04:00:01.607
2,18127,2026-02-27T04:00:01.607
3,433176,2026-02-27T04:00:01.607
4,1027630,2026-02-27T04:00:01.607
5,556075,2026-02-27T04:00:01.607
6,0,2026-02-27T04:00:01.607
7,13320,2026-02-27T04:00:01.607
1,992250,2026-02-27T05:00:01.559
2,18142,2026-02-27T05:00:01.559
3,433176,2026-02-27T05:00:01.559
4,1027650,2026-02-27T05:00:01.559
5,556094,2026-02-27T05:00:01.560
6,0,2026-02-27T05:00:01.560
7,13320,2026-02-27T05:00:01.560
1,992266,2026-02-27T06:00:01.540
2,18156,2026-02-27T06:00:01.540
3,433176,2026-02-27T06:00:01.540
4,1027680,2026-02-27T06:00:01.540
5,556112,2026-02-27T06:00:01.540
6,0,2026-02-27T06:00:01.540
7,13320,2026-02-27T06:00:01.540
1,992282,2026-02-27T07:00:01.545
2,18171,2026-02-27T07:00:01.545
3,433176,2026-02-27T07:00:01.545
4,1027710,2026-02-27T07:00:01.545
5,556132,2026-02-27T07:00:01.545
6,0,2026-02-27T07:00:01.545
7,13320,2026-02-27T07:00:01.546
1,992298,2026-02-27T08:00:01.888
2,18186,2026-02-27T08:00:01.889
3,433176,2026-02-27T08:00:01.889
4,1027730,2026-02-27T08:00:01.889
5,556151,2026-02-27T08:00:01.889
6,0,2026-02-27T08:00:01.889
7,13320,2026-02-27T08:00:01.889
1,992314,2026-02-27T09:00:01.586
2,18200,2026-02-27T09:00:01.586
3,433176,2026-02-27T09:00:01.586
4,1027760,2026-02-27T09:00:01.586
5,556171,2026-02-27T09:00:01.586
6,0,2026-02-27T09:00:01.586
7,13320,2026-02-27T09:00:01.586
1,992330,2026-02-27T10:00:01.550
2,18215,2026-02-27T10:00:01.550
3,433176,2026-02-27T10:00:01.550
4,1027770,2026-02-27T10:00:01.550
5,556190,2026-02-27T10:00:01.550
6,0,2026-02-27T10:00:01.550
7,13320,2026-02-27T10:00:01.550
1,992347,2026-02-27T11:00:01.603
2,18230,2026-02-27T11:00:01.603
3,433176,2026-02-27T11:00:01.603
4,1027780,2026-02-27T11:00:01.603
5,556210,2026-02-27T11:00:01.604
6,0,2026-02-27T11:00:01.604
7,13320,2026-02-27T11:00:01.604
1,992363,2026-02-27T12:00:01.550
2,18245,2026-02-27T12:00:01.550
3,433176,2026-02-27T12:00:01.550
4,1027800,2026-02-27T12:00:01.550
5,556229,2026-02-27T12:00:01.550
6,0,2026-02-27T12:00:01.550
7,13320,2026-02-27T12:00:01.550
1,992380,2026-02-27T13:00:01.601
2,18260,2026-02-27T13:00:01.601
3,433176,2026-02-27T13:00:01.601
4,1027810,2026-02-27T13:00:01.601
5,556247,2026-02-27T13:00:01.601
6,0,2026-02-27T13:00:01.601
7,13320,2026-02-27T13:00:01.601
1,992396,2026-02-27T14:00:01.547
2,18276,2026-02-27T14:00:01.547
3,433176,2026-02-27T14:00:01.547
4,1027820,2026-02-27T14:00:01.547
5,556268,2026-02-27T14:00:01.547
6,0,2026-02-27T14:00:01.547
7,13320,2026-02-27T14:00:01.547
1,992413,2026-02-27T15:00:01.766
2,18291,2026-02-27T15:00:01.766
3,433176,2026-02-27T15:00:01.766
4,1027830,2026-02-27T15:00:01.766
5,556287,2026-02-27T15:00:01.766
6,0,2026-02-27T15:00:01.766
7,13320,2026-02-27T15:00:01.767
1,992429,2026-02-27T16:00:01.544
2,18306,2026-02-27T16:00:01.544
3,433176,2026-02-27T16:00:01.544
4,1027860,2026-02-27T16:00:01.544
5,556306,2026-02-27T16:00:01.544
6,0,2026-02-27T16:00:01.544
7,13320,2026-02-27T16:00:01.544
1,992445,2026-02-27T17:00:01.638
2,18321,2026-02-27T17:00:01.639
3,433176,2026-02-27T17:00:01.639
4,1027890,2026-02-27T17:00:01.639
5,556326,2026-02-27T17:00:01.639
6,0,2026-02-27T17:00:01.639
7,13320,2026-02-27T17:00:01.639
1,992461,2026-02-27T18:00:01.619
2,18335,2026-02-27T18:00:01.619
3,433176,2026-02-27T18:00:01.619
4,1027910,2026-02-27T18:00:01.619
5,556344,2026-02-27T18:00:01.619
6,0,2026-02-27T18:00:01.619
7,13320,2026-02-27T18:00:01.619
1,992477,2026-02-27T19:00:01.519
2,18350,2026-02-27T19:00:01.519
3,433176,2026-02-27T19:00:01.519
4,1027940,2026-02-27T19:00:01.519
5,556363,2026-02-27T19:00:01.519
6,0,2026-02-27T19:00:01.519
7,13320,2026-02-27T19:00:01.519
1,992493,2026-02-27T20:00:01.551
2,18364,2026-02-27T20:00:01.552
3,433176,2026-02-27T20:00:01.552
4,1027970,2026-02-27T20:00:01.552
5,556383,2026-02-27T20:00:01.552
6,0,2026-02-27T20:00:01.552
7,13320,2026-02-27T20:00:01.552
1,992509,2026-02-27T21:00:01.513
2,18379,2026-02-27T21:00:01.514
3,433176,2026-02-27T21:00:01.514
4,1028000,2026-02-27T21:00:01.514
5,556402,2026-02-27T21:00:01.514
6,0,2026-02-27T21:00:01.514
7,13320,2026-02-27T21:00:01.514
1,992525,2026-02-27T22:00:01.815
2,18393,2026-02-27T22:00:01.815
3,433176,2026-02-27T22:00:01.815
4,1028030,2026-02-27T22:00:01.815
5,556420,2026-02-27T22:00:01.815
6,0,2026-02-27T22:00:01.815
7,13320,2026-02-27T22:00:01.815
1,992540,2026-02-27T23:00:01.609
2,18407,2026-02-27T23:00:01.609
3,433176,2026-02-27T23:00:01.609
4,1028060,2026-02-27T23:00:01.609
5,556441,2026-02-27T23:00:01.609
6,0,2026-02-27T23:00:01.609
7,13320,2026-02-27T23:00:01.609
1,992555,2026-02-28T00:00:01.578
2,18421,2026-02-28T00:00:01.578
3,433176,2026-02-28T00:00:01.578
4,1028090,2026-02-28T00:00:01.578
5,556459,2026-02-28T00:00:01.578
6,0,2026-02-28T00:00:01.578
7,13320,2026-02-28T00:00:01.578
1,992571,2026-02-28T01:00:01.594
2,18435,2026-02-28T01:00:01.594
3,433176,2026-02-28T01:00:01.594
4,1028120,2026-02-28T01:00:01.594
5,556478,2026-02-28T01:00:01.594
6,0,2026-02-28T01:00:01.594
7,13320,2026-02-28T01:00:01.594
1,992586,2026-02-28T02:00:01.641
2,18450,2026-02-28T02:00:01.641
3,433176,2026-02-28T02:00:01.641
4,1028150,2026-02-28T02:00:01.641
5,556498,2026-02-28T02:00:01.641
6,0,2026-02-28T02:00:01.641
7,13320,2026-02-28T02:00:01.641
1,992603,2026-02-28T03:00:01.567
2,18465,2026-02-28T03:00:01.567
3,433176,2026-02-28T03:00:01.567
4,1028180,2026-02-28T03:00:01.567
5,556517,2026-02-28T03:00:01.567
6,0,2026-02-28T03:00:01.567
7,13320,2026-02-28T03:00:01.567
1,992618,2026-02-28T04:00:01.640
2,18479,2026-02-28T04:00:01.641
3,433176,2026-02-28T04:00:01.641
4,1028200,2026-02-28T04:00:01.641
5,556536,2026-02-28T04:00:01.641
6,0,2026-02-28T04:00:01.641
7,13320,2026-02-28T04:00:01.641
1,992635,2026-02-28T05:00:01.803
2,18493,2026-02-28T05:00:01.803
3,433176,2026-02-28T05:00:01.803
4,1028230,2026-02-28T05:00:01.803
5,556556,2026-02-28T05:00:01.803
6,0,2026-02-28T05:00:01.803
7,13320,2026-02-28T05:00:01.803
1,992650,2026-02-28T06:00:01.574
2,18508,2026-02-28T06:00:01.574
3,433176,2026-02-28T06:00:01.574
4,1028260,2026-02-28T06:00:01.574
5,556575,2026-02-28T06:00:01.574
6,0,2026-02-28T06:00:01.574
7,13320,2026-02-28T06:00:01.574
1,992666,2026-02-28T07:00:01.549
2,18522,2026-02-28T07:00:01.549
3,433176,2026-02-28T07:00:01.549
4,1028290,2026-02-28T07:00:01.549
5,556593,2026-02-28T07:00:01.549
6,0,2026-02-28T07:00:01.549
7,13320,2026-02-28T07:00:01.549
1,992682,2026-02-28T08:00:01.621
2,18537,2026-02-28T08:00:01.621
3,433176,2026-02-28T08:00:01.621
4,1028320,2026-02-28T08:00:01.621
5,556612,2026-02-28T08:00:01.621
6,0,2026-02-28T08:00:01.621
7,13320,2026-02-28T08:00:01.621
1,992697,2026-02-28T09:00:01.521
2,18551,2026-02-28T09:00:01.521
3,433176,2026-02-28T09:00:01.521
4,1028340,2026-02-28T09:00:01.521
5,556633,2026-02-28T09:00:01.521
6,0,2026-02-28T09:00:01.521
7,13320,2026-02-28T09:00:01.521
1,992713,2026-02-28T10:00:01.598
2,18566,2026-02-28T10:00:01.598
3,433176,2026-02-28T10:00:01.599
4,1028350,2026-02-28T10:00:01.599
5,556652,2026-02-28T10:00:01.599
6,0,2026-02-28T10:00:01.599
7,13320,2026-02-28T10:00:01.599
1,992730,2026-02-28T11:00:01.661
2,18581,2026-02-28T11:00:01.662
3,433176,2026-02-28T11:00:01.662
4,1028370,2026-02-28T11:00:01.662
5,556670,2026-02-28T11:00:01.662
6,0,2026-02-28T11:00:01.662
7,13320,2026-02-28T11:00:01.662
1,992746,2026-02-28T12:00:01.779
2,18596,2026-02-28T12:00:01.780
3,433176,2026-02-28T12:00:01.780
4,1028380,2026-02-28T12:00:01.780
5,556691,2026-02-28T12:00:01.780
6,0,2026-02-28T12:00:01.780
7,13320,2026-02-28T12:00:01.780
1,992763,2026-02-28T13:00:01.572
2,18612,2026-02-28T13:00:01.572
3,433176,2026-02-28T13:00:01.572
4,1028400,2026-02-28T13:00:01.572
5,556710,2026-02-28T13:00:01.572
6,0,2026-02-28T13:00:01.572
7,13320,2026-02-28T13:00:01.572
1,992780,2026-02-28T14:00:01.544
2,18627,2026-02-28T14:00:01.544
3,433176,2026-02-28T14:00:01.544
4,1028410,2026-02-28T14:00:01.544
5,556728,2026-02-28T14:00:01.544
6,0,2026-02-28T14:00:01.544
7,13320,2026-02-28T14:00:01.544
1,992796,2026-02-28T15:00:01.611
2,18642,2026-02-28T15:00:01.612
3,433176,2026-02-28T15:00:01.612
4,1028420,2026-02-28T15:00:01.612
5,556749,2026-02-28T15:00:01.612
6,0,2026-02-28T15:00:01.612
7,13320,2026-02-28T15:00:01.612
1,992813,2026-02-28T16:00:01.558
2,18657,2026-02-28T16:00:01.558
3,433176,2026-02-28T16:00:01.558
4,1028440,2026-02-28T16:00:01.558
5,556768,2026-02-28T16:00:01.558
6,0,2026-02-28T16:00:01.558
7,13320,2026-02-28T16:00:01.558
1,992829,2026-02-28T17:00:01.517
2,18672,2026-02-28T17:00:01.517
3,433176,2026-02-28T17:00:01.517
4,1028460,2026-02-28T17:00:01.517
5,556787,2026-02-28T17:00:01.517
6,0,2026-02-28T17:00:01.517
7,13320,2026-02-28T17:00:01.517
1,992846,2026-02-28T18:00:01.553
2,18687,2026-02-28T18:00:01.553
3,433176,2026-02-28T18:00:01.554
4,1028490,2026-02-28T18:00:01.554
5,556807,2026-02-28T18:00:01.554
6,0,2026-02-28T18:00:01.554
7,13320,2026-02-28T18:00:01.554
1,992862,2026-02-28T19:00:01.606
2,18702,2026-02-28T19:00:01.606
3,433176,2026-02-28T19:00:01.606
4,1028520,2026-02-28T19:00:01.606
5,556826,2026-02-28T19:00:01.606
6,0,2026-02-28T19:00:01.606
7,13320,2026-02-28T19:00:01.606
1,992877,2026-02-28T20:00:01.552
2,18716,2026-02-28T20:00:01.552
3,433176,2026-02-28T20:00:01.552
4,1028550,2026-02-28T20:00:01.552
5,556844,2026-02-28T20:00:01.552
6,0,2026-02-28T20:00:01.552
7,13320,2026-02-28T20:00:01.552
1,992893,2026-02-28T21:00:01.545
2,18731,2026-02-28T21:00:01.545
3,433176,2026-02-28T21:00:01.545
4,1028580,2026-02-28T21:00:01.545
5,556865,2026-02-28T21:00:01.545
6,0,2026-02-28T21:00:01.545
7,13320,2026-02-28T21:00:01.545
1,992909,2026-02-28T22:00:01.559
2,18745,2026-02-28T22:00:01.559
3,433176,2026-02-28T22:00:01.559
4,1028610,2026-02-28T22:00:01.559
5,556883,2026-02-28T22:00:01.559
6,0,2026-02-28T22:00:01.559
7,13320,2026-02-28T22:00:01.559
1,992924,2026-02-28T23:00:01.814
2,18759,2026-02-28T23:00:01.814
3,433176,2026-02-28T23:00:01.814
4,1028640,2026-02-28T23:00:01.814
5,556902,2026-02-28T23:00:01.814
6,0,2026-02-28T23:00:01.814
7,13320,2026-02-28T23:00:01.814
1,992940,2026-03-01T00:00:01.554
2,18773,2026-03-01T00:00:01.554
3,433176,2026-03-01T00:00:01.554
4,1028670,2026-03-01T00:00:01.554
5,556922,2026-03-01T00:00:01.554
6,0,2026-03-01T00:00:01.554
7,13320,2026-03-01T00:00:01.554
1,992956,2026-03-01T01:00:01.576
2,18788,2026-03-01T01:00:01.576
3,433176,2026-03-01T01:00:01.576
4,1028700,2026-03-01T01:00:01.576
5,556941,2026-03-01T01:00:01.576
6,0,2026-03-01T01:00:01.576
7,13320,2026-03-01T01:00:01.576
1,992972,2026-03-01T02:00:01.555
2,18802,2026-03-01T02:00:01.555
3,433176,2026-03-01T02:00:01.555
4,1028720,2026-03-01T02:00:01.555
5,556959,2026-03-01T02:00:01.555
6,0,2026-03-01T02:00:01.555
7,13320,2026-03-01T02:00:01.555
1,992988,2026-03-01T03:00:01.551
2,18817,2026-03-01T03:00:01.552
3,433176,2026-03-01T03:00:01.552
4,1028760,2026-03-01T03:00:01.552
5,556980,2026-03-01T03:00:01.552
6,0,2026-03-01T03:00:01.552
7,13320,2026-03-01T03:00:01.552
1,993003,2026-03-01T04:00:01.577
2,18831,2026-03-01T04:00:01.577
3,433176,2026-03-01T04:00:01.578
4,1028780,2026-03-01T04:00:01.578
5,556998,2026-03-01T04:00:01.578
6,0,2026-03-01T04:00:01.578
7,13320,2026-03-01T04:00:01.578
1,993019,2026-03-01T05:00:01.646
2,18846,2026-03-01T05:00:01.646
3,433176,2026-03-01T05:00:01.647
4,1028810,2026-03-01T05:00:01.647
5,557017,2026-03-01T05:00:01.647
6,0,2026-03-01T05:00:01.647
7,13320,2026-03-01T05:00:01.647
1,993035,2026-03-01T06:00:01.828
2,18860,2026-03-01T06:00:01.829
3,433176,2026-03-01T06:00:01.829
4,1028840,2026-03-01T06:00:01.829
5,557038,2026-03-01T06:00:01.829
6,0,2026-03-01T06:00:01.829
7,13320,2026-03-01T06:00:01.829
1,993051,2026-03-01T07:00:01.593
2,18875,2026-03-01T07:00:01.593
3,433176,2026-03-01T07:00:01.593
4,1028870,2026-03-01T07:00:01.593
5,557056,2026-03-01T07:00:01.593
6,0,2026-03-01T07:00:01.593
7,13320,2026-03-01T07:00:01.593
1,993067,2026-03-01T08:00:01.641
2,18889,2026-03-01T08:00:01.641
3,433176,2026-03-01T08:00:01.641
4,1028890,2026-03-01T08:00:01.641
5,557075,2026-03-01T08:00:01.641
6,0,2026-03-01T08:00:01.641
7,13320,2026-03-01T08:00:01.641
1,993085,2026-03-01T09:00:01.557
2,18904,2026-03-01T09:00:01.557
3,433176,2026-03-01T09:00:01.557
4,1028920,2026-03-01T09:00:01.557
5,557094,2026-03-01T09:00:01.557
6,0,2026-03-01T09:00:01.557
7,13320,2026-03-01T09:00:01.557
1,993103,2026-03-01T10:00:01.654
2,18919,2026-03-01T10:00:01.654
3,433176,2026-03-01T10:00:01.654
4,1028930,2026-03-01T10:00:01.654
5,557115,2026-03-01T10:00:01.654
6,0,2026-03-01T10:00:01.654
7,13320,2026-03-01T10:00:01.654
1,993122,2026-03-01T11:00:01.706
2,18935,2026-03-01T11:00:01.706
3,433176,2026-03-01T11:00:01.706
4,1028940,2026-03-01T11:00:01.706
5,557134,2026-03-01T11:00:01.706
6,0,2026-03-01T11:00:01.706
7,13320,2026-03-01T12:00:01.706
1,993141,2026-03-01T12:00:01.706
2,18951,2026-03-01T12:00:01.706
3,433176,2026-03-01T12:00:01.706
4,1028960,2026-03-01T12:00:01.706
5,557153,2026-03-01T12:00:01.706
6,0,2026-03-01T12:00:01.706
7,13320,2026-03-01T12:00:01.706
1,993160,2026-03-01T13:00:02.043
2,18967,2026-03-01T13:00:02.044
3,433176,2026-03-01T13:00:02.044
4,1028970,2026-03-01T13:00:02.044
5,557174,2026-03-01T13:00:02.044
6,0,2026-03-01T13:00:02.044
7,13320,2026-03-01T13:00:02.044
1,993180,2026-03-01T14:00:01.611
2,18983,2026-03-01T14:00:01.611
3,433176,2026-03-01T14:00:01.612
4,1028990,2026-03-01T14:00:01.612
5,557195,2026-03-01T14:00:01.612
6,0,2026-03-01T14:00:01.612
7,13320,2026-03-01T14:00:01.612
1,993199,2026-03-01T15:00:01.853
2,19000,2026-03-01T15:00:01.853
3,433176,2026-03-01T15:00:01.853
4,1029000,2026-03-01T15:00:01.853
5,557213,2026-03-01T15:00:01.853
6,0,2026-03-01T15:00:01.853
7,13320,2026-03-01T15:00:01.853
1,993218,2026-03-01T16:00:02.265
2,19016,2026-03-01T16:00:02.265
3,433176,2026-03-01T16:00:02.265
4,1029020,2026-03-01T16:00:02.265
5,557232,2026-03-01T16:00:02.265
6,0,2026-03-01T16:00:02.265
7,13320,2026-03-01T16:00:02.265
1,993237,2026-03-01T17:00:01.694
2,19031,2026-03-01T17:00:01.694
3,433176,2026-03-01T17:00:01.694
4,1029050,2026-03-01T17:00:01.694
5,557247,2026-03-01T17:00:01.694
6,0,2026-03-01T17:00:01.694
7,13320,2026-03-01T17:00:01.694
1,993254,2026-03-01T18:00:01.570
2,19046,2026-03-01T18:00:01.570
3,433176,2026-03-01T18:00:01.570
4,1029070,2026-03-01T18:00:01.570
5,557263,2026-03-01T18:00:01.570
6,0,2026-03-01T18:00:01.570
7,13320,2026-03-01T18:00:01.570
1,993270,2026-03-01T19:00:01.571
2,19060,2026-03-01T19:00:01.571
3,433176,2026-03-01T19:00:01.571
4,1029100,2026-03-01T19:00:01.571
5,557280,2026-03-01T19:00:01.571
6,0,2026-03-01T19:00:01.571
7,13320,2026-03-01T19:00:01.571
1,993286,2026-03-01T20:00:01.648
2,19075,2026-03-01T20:00:01.649
3,433176,2026-03-01T20:00:01.649
4,1029130,2026-03-01T20:00:01.649
5,557295,2026-03-01T20:00:01.649
6,0,2026-03-01T20:00:01.649
7,13320,2026-03-01T20:00:01.649
1,993302,2026-03-01T21:00:01.592
2,19090,2026-03-01T21:00:01.592
3,433176,2026-03-01T21:00:01.592
4,1029150,2026-03-01T21:00:01.592
5,557310,2026-03-01T21:00:01.592
6,0,2026-03-01T21:00:01.593
7,13320,2026-03-01T21:00:01.593
1,993318,2026-03-01T22:00:01.587
2,19104,2026-03-01T22:00:01.587
3,433176,2026-03-01T22:00:01.587
4,1029180,2026-03-01T22:00:01.587
5,557326,2026-03-01T22:00:01.587
6,0,2026-03-01T22:00:01.587
7,13320,2026-03-01T22:00:01.588
1,993334,2026-03-01T23:00:01.634
2,19118,2026-03-01T23:00:01.634
3,433176,2026-03-01T23:00:01.634
4,1029200,2026-03-01T23:00:01.634
5,557341,2026-03-01T23:00:01.634
6,0,2026-03-01T23:00:01.634
7,13320,2026-03-01T23:00:01.634
1,993349,2026-03-02T00:00:01.909
2,19133,2026-03-02T00:00:01.909
3,433176,2026-03-02T00:00:01.909
4,1029230,2026-03-02T00:00:01.909
5,557356,2026-03-02T00:00:01.909
6,0,2026-03-02T00:00:01.909
7,13320,2026-03-02T00:00:01.909
1,993365,2026-03-02T01:00:01.568
2,19147,2026-03-02T01:00:01.568
3,433176,2026-03-02T01:00:01.568
4,1029260,2026-03-02T01:00:01.568
5,557373,2026-03-02T01:00:01.569
6,0,2026-03-02T01:00:01.569
7,13320,2026-03-02T01:00:01.569
1,993381,2026-03-02T02:00:01.614
2,19161,2026-03-02T02:00:01.614
3,433176,2026-03-02T02:00:01.614
4,1029280,2026-03-02T02:00:01.614
5,557388,2026-03-02T02:00:01.614
6,0,2026-03-02T02:00:01.614
7,13320,2026-03-02T02:00:01.614
1,993396,2026-03-02T03:00:01.563
2,19175,2026-03-02T03:00:01.564
3,433176,2026-03-02T03:00:01.564
4,1029300,2026-03-02T03:00:01.564
5,557403,2026-03-02T03:00:01.564
6,0,2026-03-02T03:00:01.564
7,13320,2026-03-02T03:00:01.564
1,993412,2026-03-02T04:00:01.534
2,19190,2026-03-02T04:00:01.534
3,433176,2026-03-02T04:00:01.534
4,1029330,2026-03-02T04:00:01.534
5,557420,2026-03-02T04:00:01.534
6,0,2026-03-02T04:00:01.534
7,13320,2026-03-02T04:00:01.534
1,993427,2026-03-02T05:00:01.566
2,19204,2026-03-02T05:00:01.566
3,433176,2026-03-02T05:00:01.566
4,1029360,2026-03-02T05:00:01.566
5,557435,2026-03-02T05:00:01.566
6,0,2026-03-02T05:00:01.566
7,13320,2026-03-02T05:00:01.566
1,993443,2026-03-02T06:00:01.582
2,19218,2026-03-02T06:00:01.582
3,433176,2026-03-02T06:00:01.582
4,1029380,2026-03-02T06:00:01.582
5,557450,2026-03-02T06:00:01.582
6,0,2026-03-02T06:00:01.582
7,13320,2026-03-02T06:00:01.582
1,993458,2026-03-02T07:00:01.566
2,19232,2026-03-02T07:00:01.566
3,433176,2026-03-02T07:00:01.566
4,1029410,2026-03-02T07:00:01.566
5,557465,2026-03-02T07:00:01.566
6,0,2026-03-02T07:00:01.566
7,13320,2026-03-02T07:00:01.566
1,993475,2026-03-02T08:00:01.554
2,19247,2026-03-02T08:00:01.555
3,433176,2026-03-02T08:00:01.555
4,1029430,2026-03-02T08:00:01.555
5,557482,2026-03-02T08:00:01.555
6,0,2026-03-02T08:00:01.555
7,13320,2026-03-02T08:00:01.555
1,993492,2026-03-02T09:00:01.608
2,19261,2026-03-02T09:00:01.608
3,433176,2026-03-02T09:00:01.608
4,1029440,2026-03-02T09:00:01.608
5,557498,2026-03-02T09:00:01.608
6,0,2026-03-02T09:00:01.608
7,13320,2026-03-02T09:00:01.6081
1,993510,2026-03-02T10:00:01.873
2,19276,2026-03-02T10:00:01.874
3,433176,2026-03-02T10:00:01.874
4,1029450,2026-03-02T10:00:01.874
5,557513,2026-03-02T10:00:01.874
6,0,2026-03-02T10:00:01.874
7,13320,2026-03-02T10:00:01.874
1,993529,2026-03-02T11:00:02.158
2,19292,2026-03-02T11:00:02.159
3,433176,2026-03-02T11:00:02.159
4,1029460,2026-03-02T11:00:02.159
5,557530,2026-03-02T11:00:02.159
6,0,2026-03-02T11:00:02.159
7,13320,2026-03-02T11:00:02.159
1,993548,2026-03-02T12:00:01.974
2,19308,2026-03-02T12:00:01.974
3,433176,2026-03-02T12:00:01.974
4,1029470,2026-03-02T12:00:01.974
5,557546,2026-03-02T12:00:01.974
6,0,2026-03-02T12:00:01.974
7,13320,2026-03-02T12:00:01.974
1,993567,2026-03-02T13:00:01.860
2,19324,2026-03-02T13:00:01.860
3,433176,2026-03-02T13:00:01.860
4,1029470,2026-03-02T13:00:01.860
5,557561,2026-03-02T13:00:01.860
6,0,2026-03-02T13:00:01.861
7,13320,2026-03-02T13:00:01.861
1,993587,2026-03-02T14:00:01.754
2,19341,2026-03-02T14:00:01.755
3,433176,2026-03-02T14:00:01.755
4,1029480,2026-03-02T14:00:01.755
5,557579,2026-03-02T14:00:01.755
6,0,2026-03-02T14:00:01.755
7,13320,2026-03-02T14:00:01.755
1,993606,2026-03-02T15:00:01.691
2,19357,2026-03-02T15:00:01.692
3,433176,2026-03-02T15:00:01.692
4,1029490,2026-03-02T15:00:01.692
5,557595,2026-03-02T15:00:01.692
6,0,2026-03-02T15:00:01.692
7,13320,2026-03-02T15:00:01.692
1,993626,2026-03-02T16:00:02.094
2,19373,2026-03-02T16:00:02.096
3,433176,2026-03-02T16:00:02.096
4,1029510,2026-03-02T16:00:02.096
5,557611,2026-03-02T16:00:02.096
6,0,2026-03-02T16:00:02.096
7,13320,2026-03-02T16:00:02.096
1,993644,2026-03-02T17:00:01.565
2,19388,2026-03-02T17:00:01.565
3,433176,2026-03-02T17:00:01.565
4,1029540,2026-03-02T17:00:01.565
5,557628,2026-03-02T17:00:01.565
6,0,2026-03-02T17:00:01.565
7,13320,2026-03-02T17:00:01.565
1,993662,2026-03-02T18:00:01.803
2,19403,2026-03-02T18:00:01.803
3,433176,2026-03-02T18:00:01.803
4,1029570,2026-03-02T18:00:01.803
5,557644,2026-03-02T18:00:01.803
6,0,2026-03-02T18:00:01.803
7,13320,2026-03-02T18:00:01.803
1,993678,2026-03-02T19:00:01.531
2,19418,2026-03-02T19:00:01.532
3,433176,2026-03-02T19:00:01.532
4,1029590,2026-03-02T19:00:01.532
5,557659,2026-03-02T19:00:01.532
6,0,2026-03-02T19:00:01.532
7,13320,2026-03-02T19:00:01.532
1,993694,2026-03-02T20:00:01.537
2,19433,2026-03-02T20:00:01.537
3,433176,2026-03-02T20:00:01.537
4,1029620,2026-03-02T20:00:01.537
5,557677,2026-03-02T20:00:01.537
6,0,2026-03-02T20:00:01.538
7,13320,2026-03-02T20:00:01.538
1,993710,2026-03-02T21:00:01.516
2,19447,2026-03-02T21:00:01.516
3,433176,2026-03-02T21:00:01.516
4,1029640,2026-03-02T21:00:01.516
5,557692,2026-03-02T21:00:01.516
6,0,2026-03-02T21:00:01.516
7,13320,2026-03-02T21:00:01.516
1,993725,2026-03-02T22:00:01.600
2,19462,2026-03-02T22:00:01.600
3,433176,2026-03-02T22:00:01.601
4,1029670,2026-03-02T22:00:01.601
5,557707,2026-03-02T22:00:01.601
6,0,2026-03-02T22:00:01.601
7,13320,2026-03-02T22:00:01.601
1,993741,2026-03-02T23:00:01.540
2,19476,2026-03-02T23:00:01.540
3,433176,2026-03-02T23:00:01.540
4,1029690,2026-03-02T23:00:01.540
5,557724,2026-03-02T23:00:01.540
6,0,2026-03-02T23:00:01.540
7,13320,2026-03-02T23:00:01.540
1,993757,2026-03-03T00:00:01.560
2,19490,2026-03-03T00:00:01.560
3,433176,2026-03-03T00:00:01.560
4,1029720,2026-03-03T00:00:01.560
5,557739,2026-03-03T00:00:01.560
6,0,2026-03-03T00:00:01.560
7,13320,2026-03-03T00:00:01.560
1,993772,2026-03-03T01:00:01.747
2,19504,2026-03-03T01:00:01.747
3,433176,2026-03-03T01:00:01.747
4,1029740,2026-03-03T01:00:01.747
5,557754,2026-03-03T01:00:01.747
6,0,2026-03-03T01:00:01.747
7,13320,2026-03-03T01:00:01.747
1,993788,2026-03-03T02:00:01.563
2,19518,2026-03-03T02:00:01.563
3,433176,2026-03-03T02:00:01.563
4,1029770,2026-03-03T02:00:01.563
5,557771,2026-03-03T02:00:01.563
6,0,2026-03-03T02:00:01.563
7,13320,2026-03-03T02:00:01.563
1,993803,2026-03-03T03:00:01.649
2,19533,2026-03-03T03:00:01.649
3,433176,2026-03-03T03:00:01.649
4,1029800,2026-03-03T03:00:01.649
5,557786,2026-03-03T03:00:01.649
6,0,2026-03-03T03:00:01.649
7,13320,2026-03-03T03:00:01.649
1,993819,2026-03-03T04:00:01.646
2,19547,2026-03-03T04:00:01.646
3,433176,2026-03-03T04:00:01.646
4,1029820,2026-03-03T04:00:01.646
5,557801,2026-03-03T04:00:01.646
6,0,2026-03-03T04:00:01.646
7,13320,2026-03-03T04:00:01.646
1,993834,2026-03-03T05:00:01.601
2,19561,2026-03-03T05:00:01.601
3,433176,2026-03-03T05:00:01.601
4,1029850,2026-03-03T05:00:01.601
5,557818,2026-03-03T05:00:01.601
6,0,2026-03-03T05:00:01.601
7,13320,2026-03-03T05:00:01.601
1,993850,2026-03-03T06:00:01.516
2,19575,2026-03-03T06:00:01.516
3,433176,2026-03-03T06:00:01.516
4,1029870,2026-03-03T06:00:01.516
5,557833,2026-03-03T06:00:01.517
6,0,2026-03-03T06:00:01.517
7,13320,2026-03-03T06:00:01.517
1,993865,2026-03-03T07:00:01.522
2,19589,2026-03-03T07:00:01.522
3,433176,2026-03-03T07:00:01.522
4,1029900,2026-03-03T07:00:01.522
5,557848,2026-03-03T07:00:01.522
6,0,2026-03-03T07:00:01.522
7,13325,2026-03-03T07:00:01.522
1,993882,2026-03-03T08:00:01.824
2,19604,2026-03-03T08:00:01.824
3,433176,2026-03-03T08:00:01.824
4,1029940,2026-03-03T08:00:01.824
5,557863,2026-03-03T08:00:01.824
6,0,2026-03-03T08:00:01.824
7,13335,2026-03-03T08:00:01.824
1,993900,2026-03-03T09:00:01.551
2,19616,2026-03-03T09:00:01.551
3,433180,2026-03-03T09:00:01.551
4,1029990,2026-03-03T09:00:01.551
5,557881,2026-03-03T09:00:01.551
6,0,2026-03-03T09:00:01.551
7,13347,2026-03-03T09:00:01.551
1,993918,2026-03-03T10:00:02.168
2,19631,2026-03-03T10:00:02.169
3,433180,2026-03-03T10:00:02.170
4,1030040,2026-03-03T10:00:02.170
5,557896,2026-03-03T10:00:02.170
6,0,2026-03-03T10:00:02.170
7,13409,2026-03-03T10:00:02.170
1,993938,2026-03-03T11:00:02.089
2,19648,2026-03-03T11:00:02.089
3,433180,2026-03-03T11:00:02.089
4,1030090,2026-03-03T11:00:02.089
5,557912,2026-03-03T11:00:02.089
6,0,2026-03-03T11:00:02.089
7,13460,2026-03-03T11:00:02.089
1,993957,2026-03-03T12:00:01.742
2,19664,2026-03-03T12:00:01.742
3,433180,2026-03-03T12:00:01.742
4,1030130,2026-03-03T12:00:01.742
5,557929,2026-03-03T12:00:01.742
6,0,2026-03-03T12:00:01.742
7,13484,2026-03-03T12:00:01.742
1,993977,2026-03-03T13:00:01.702
2,19680,2026-03-03T13:00:01.702
3,433180,2026-03-03T13:00:01.702
4,1030180,2026-03-03T13:00:01.703
5,557945,2026-03-03T13:00:01.703
6,0,2026-03-03T13:00:01.703
7,13491,2026-03-03T13:00:01.703
1,993998,2026-03-03T14:00:01.757
2,19698,2026-03-03T14:00:01.757
3,433180,2026-03-03T14:00:01.757
4,1030230,2026-03-03T14:00:01.757
5,557961,2026-03-03T14:00:01.757
6,0,2026-03-03T14:00:01.757
7,13498,2026-03-03T14:00:01.757
1,994017,2026-03-03T15:00:01.738
2,19714,2026-03-03T15:00:01.738
3,433180,2026-03-03T15:00:01.738
4,1030280,2026-03-03T15:00:01.738
5,557978,2026-03-03T15:00:01.738
6,0,2026-03-03T15:00:01.738
7,13505,2026-03-03T15:00:01.738
1,994037,2026-03-03T16:00:01.977
2,19731,2026-03-03T16:00:01.977
3,433180,2026-03-03T16:00:01.977
4,1030330,2026-03-03T16:00:01.977
5,557994,2026-03-03T16:00:01.977
6,0,2026-03-03T16:00:01.977
7,13511,2026-03-03T16:00:01.978
1,994056,2026-03-03T17:00:01.813
2,19747,2026-03-03T17:00:01.813
3,433180,2026-03-03T17:00:01.813
4,1030380,2026-03-03T17:00:01.813
5,558010,2026-03-03T17:00:01.813
6,0,2026-03-03T17:00:01.813
7,13511,2026-03-03T17:00:01.813
1,994074,2026-03-03T18:00:02.125
2,19762,2026-03-03T18:00:02.125
3,433180,2026-03-03T18:00:02.125
4,1030410,2026-03-03T18:00:02.125
5,558027,2026-03-03T18:00:02.125
6,0,2026-03-03T18:00:02.125
7,13511,2026-03-03T18:00:02.125
1,994091,2026-03-03T19:00:01.764
2,19777,2026-03-03T19:00:01.764
3,433180,2026-03-03T19:00:01.764
4,1030440,2026-03-03T19:00:01.764
5,558043,2026-03-03T19:00:01.765
6,0,2026-03-03T19:00:01.765
7,13511,2026-03-03T19:00:01.765
1,994107,2026-03-03T20:00:01.575
2,19792,2026-03-03T20:00:01.575
3,433180,2026-03-03T20:00:01.575
4,1030470,2026-03-03T20:00:01.575
5,558058,2026-03-03T20:00:01.575
6,0,2026-03-03T20:00:01.575
7,13511,2026-03-03T20:00:01.575
1,994123,2026-03-03T21:00:01.865
2,19807,2026-03-03T21:00:01.865
3,433180,2026-03-03T21:00:01.865
4,1030500,2026-03-03T21:00:01.865
5,558075,2026-03-03T21:00:01.865
6,0,2026-03-03T21:00:01.865
7,13511,2026-03-03T21:00:01.865
1,994139,2026-03-03T22:00:01.614
2,19822,2026-03-03T22:00:01.615
3,433180,2026-03-03T22:00:01.615
4,1030530,2026-03-03T22:00:01.615
5,558090,2026-03-03T22:00:01.615
6,0,2026-03-03T22:00:01.615
7,13511,2026-03-03T22:00:01.615
1,994155,2026-03-03T23:00:01.552
2,19836,2026-03-03T23:00:01.552
3,433180,2026-03-03T23:00:01.552
4,1030560,2026-03-03T23:00:01.552
5,558105,2026-03-03T23:00:01.552
6,0,2026-03-03T23:00:01.552
7,13511,2026-03-03T23:00:01.552
1,994170,2026-03-04T00:00:01.576
2,19850,2026-03-04T00:00:01.577
3,433180,2026-03-04T00:00:01.577
4,1030590,2026-03-04T00:00:01.577
5,558122,2026-03-04T00:00:01.577
6,0,2026-03-04T00:00:01.577
7,13511,2026-03-04T00:00:01.577
1,994186,2026-03-04T01:00:01.750
2,19865,2026-03-04T01:00:01.750
3,433180,2026-03-04T01:00:01.751
4,1030620,2026-03-04T01:00:01.751
5,558137,2026-03-04T01:00:01.751
6,0,2026-03-04T01:00:01.751
7,13511,2026-03-04T01:00:01.751
1,994201,2026-03-04T02:00:01.613
2,19879,2026-03-04T02:00:01.613
3,433180,2026-03-04T02:00:01.613
4,1030650,2026-03-04T02:00:01.613
5,558153,2026-03-04T02:00:01.613
6,0,2026-03-04T02:00:01.613
7,13511,2026-03-04T02:00:01.613
1,994217,2026-03-04T03:00:01.516
2,19893,2026-03-04T03:00:01.516
3,433180,2026-03-04T03:00:01.516
4,1030680,2026-03-04T03:00:01.516
5,558169,2026-03-04T03:00:01.516
6,0,2026-03-04T03:00:01.516
7,13511,2026-03-04T03:00:01.516
1,994232,2026-03-04T04:00:01.576
2,19907,2026-03-04T04:00:01.576
3,433180,2026-03-04T04:00:01.576
4,1030700,2026-03-04T04:00:01.576
5,558184,2026-03-04T04:00:01.576
6,0,2026-03-04T04:00:01.576
7,13511,2026-03-04T04:00:01.576
1,994247,2026-03-04T05:00:01.560
2,19921,2026-03-04T05:00:01.561
3,433180,2026-03-04T05:00:01.561
4,1030730,2026-03-04T05:00:01.561
5,558200,2026-03-04T05:00:01.561
6,0,2026-03-04T05:00:01.561
7,13511,2026-03-04T05:00:01.561
1,994263,2026-03-04T06:00:01.598
2,19935,2026-03-04T06:00:01.598
3,433180,2026-03-04T06:00:01.598
4,1030760,2026-03-04T06:00:01.598
5,558215,2026-03-04T06:00:01.598
6,0,2026-03-04T06:00:01.598
7,13511,2026-03-04T06:00:01.598
1,994278,2026-03-04T07:00:01.542
2,19949,2026-03-04T07:00:01.542
3,433180,2026-03-04T07:00:01.542
4,1030790,2026-03-04T07:00:01.542
5,558232,2026-03-04T07:00:01.542
6,0,2026-03-04T07:00:01.542
7,13511,2026-03-04T07:00:01.542
1,994295,2026-03-04T08:00:01.775
2,19963,2026-03-04T08:00:01.775
3,433180,2026-03-04T08:00:01.775
4,1030830,2026-03-04T08:00:01.775
5,558247,2026-03-04T08:00:01.775
6,0,2026-03-04T08:00:01.775
7,13517,2026-03-04T08:00:01.775
1,994320,2026-03-04T09:00:40.527
2,19984,2026-03-04T09:00:40.530
3,433180,2026-03-04T09:00:40.530
4,1030890,2026-03-04T09:00:40.530
5,558270,2026-03-04T09:00:40.530
6,0,2026-03-04T09:00:00.530
7,13535,2026-03-04T09:00:40.530
1,994330,2026-03-04T10:00:01.689
2,19993,2026-03-04T10:00:01.689
3,433180,2026-03-04T10:00:01.689
4,1030920,2026-03-04T10:00:01.689
5,558280,2026-03-04T10:00:01.689
6,0,2026-03-04T10:00:01.689
7,13541,2026-03-04T10:00:01.689
1,994350,2026-03-04T11:00:01.824
2,20010,2026-03-04T11:00:01.824
3,433180,2026-03-04T11:00:01.824
4,1030960,2026-03-04T11:00:01.824
5,558295,2026-03-04T11:00:01.825
6,0,2026-03-04T11:00:01.825
7,13548,2026-03-04T11:00:01.825
1,994370,2026-03-04T12:00:01.536
2,20026,2026-03-04T12:00:01.536
3,433180,2026-03-04T12:00:01.536
4,1030990,2026-03-04T12:00:01.536
5,558311,2026-03-04T12:00:01.536
6,0,2026-03-04T12:00:01.536
7,13554,2026-03-04T12:00:01.536
1,994389,2026-03-04T13:00:01.633
2,20043,2026-03-04T13:00:01.634
3,433180,2026-03-04T13:00:01.634
4,1031030,2026-03-04T13:00:01.634
5,558328,2026-03-04T13:00:01.634
6,0,2026-03-04T13:00:01.634
7,13560,2026-03-04T13:00:01.634
1,994409,2026-03-04T14:00:01.545
2,20059,2026-03-04T14:00:01.545
3,433180,2026-03-04T14:00:01.545
4,1031050,2026-03-04T14:00:01.545
5,558344,2026-03-04T14:00:01.546
6,0,2026-03-04T14:00:01.546
7,13567,2026-03-04T14:00:01.546
1,994429,2026-03-04T15:00:01.980
2,20076,2026-03-04T15:00:01.980
3,433180,2026-03-04T15:00:01.980
4,1031080,2026-03-04T15:00:01.980
5,558360,2026-03-04T15:00:01.980
6,0,2026-03-04T15:00:01.980
7,13568,2026-03-04T15:00:01.980
1,994429,2026-03-04T15:00:03.202
2,20076,2026-03-04T15:00:03.202
3,433180,2026-03-04T15:00:03.202
4,1031080,2026-03-04T15:00:03.202
5,558360,2026-03-04T15:00:03.202
6,0,2026-03-04T15:00:03.202
7,13568,2026-03-04T15:00:03.202
1,994448,2026-03-04T16:00:01.545
2,20092,2026-03-04T16:00:01.545
3,433180,2026-03-04T16:00:01.545
4,1031120,2026-03-04T16:00:01.545
5,558377,2026-03-04T16:00:01.545
6,0,2026-03-04T16:00:01.546
7,13568,2026-03-04T16:00:01.546
1,994448,2026-03-04T16:00:02.739
2,20092,2026-03-04T16:00:02.739
3,433180,2026-03-04T16:00:02.739
4,1031120,2026-03-04T16:00:02.739
5,558377,2026-03-04T16:00:02.739
6,0,2026-03-04T16:00:02.739
7,13568,2026-03-04T16:00:02.739
1,994467,2026-03-04T17:00:02.086
2,20108,2026-03-04T17:00:02.086
3,433180,2026-03-04T17:00:02.086
4,1031160,2026-03-04T17:00:02.086
5,558393,2026-03-04T17:00:02.086
6,0,2026-03-04T17:00:02.086
7,13568,2026-03-04T17:00:02.086
1,994467,2026-03-04T17:00:03.201
2,20108,2026-03-04T17:00:03.201
3,433180,2026-03-04T17:00:03.202
4,1031160,2026-03-04T17:00:03.202
5,558393,2026-03-04T17:00:03.202
6,0,2026-03-04T17:00:03.202
7,13568,2026-03-04T17:00:03.202
1,994485,2026-03-04T18:00:02.061
2,20123,2026-03-04T18:00:02.061
3,433180,2026-03-04T18:00:02.061
4,1031190,2026-03-04T18:00:02.061
5,558408,2026-03-04T18:00:02.061
6,0,2026-03-04T18:00:02.061
7,13568,2026-03-04T18:00:02.061
1,994485,2026-03-04T18:00:03.054
2,20123,2026-03-04T18:00:03.054
3,433180,2026-03-04T18:00:03.054
4,1031190,2026-03-04T18:00:03.054
5,558408,2026-03-04T18:00:03.054
6,0,2026-03-04T18:00:03.054
7,13568,2026-03-04T18:00:03.054
1,994501,2026-03-04T19:00:01.619
2,20138,2026-03-04T19:00:01.619
3,433180,2026-03-04T19:00:01.619
4,1031220,2026-03-04T19:00:01.619
5,558425,2026-03-04T19:00:01.619
6,0,2026-03-04T19:00:01.619
7,13568,2026-03-04T19:00:01.619
1,994518,2026-03-04T20:00:01.592
2,20153,2026-03-04T20:00:01.592
3,433180,2026-03-04T20:00:01.592
4,1031250,2026-03-04T20:00:01.592
5,558441,2026-03-04T20:00:01.593
6,0,2026-03-04T20:00:01.593
7,13568,2026-03-04T20:00:01.593
1,994534,2026-03-04T21:00:01.560
2,20168,2026-03-04T21:00:01.560
3,433180,2026-03-04T21:00:01.560
4,1031280,2026-03-04T21:00:01.560
5,558456,2026-03-04T21:00:01.560
6,0,2026-03-04T21:00:01.560
7,13568,2026-03-04T21:00:01.560
1,994550,2026-03-04T22:00:01.741
2,20183,2026-03-04T22:00:01.741
3,433180,2026-03-04T22:00:01.742
4,1031310,2026-03-04T22:00:01.742
5,558474,2026-03-04T22:00:01.742
6,0,2026-03-04T22:00:01.742
7,13568,2026-03-04T22:00:01.742
1,994566,2026-03-04T23:00:01.545
2,20198,2026-03-04T23:00:01.545
3,433180,2026-03-04T23:00:01.545
4,1031340,2026-03-04T23:00:01.545
5,558489,2026-03-04T23:00:01.545
6,0,2026-03-04T23:00:01.545
7,13568,2026-03-04T23:00:01.545
1,994582,2026-03-05T00:00:01.749
2,20212,2026-03-05T00:00:01.749
3,433180,2026-03-05T00:00:01.749
4,1031370,2026-03-05T00:00:01.749
5,558505,2026-03-05T00:00:01.749
6,0,2026-03-05T00:00:01.749
7,13568,2026-03-05T00:00:01.749
1,994599,2026-03-05T01:00:01.684
2,20227,2026-03-05T01:00:01.684
3,433180,2026-03-05T01:00:01.685
4,1031400,2026-03-05T01:00:01.685
5,558522,2026-03-05T01:00:01.685
6,0,2026-03-05T01:00:01.685
7,13568,2026-03-05T01:00:01.685
1,994615,2026-03-05T02:00:01.683
2,20242,2026-03-05T02:00:01.683
3,433180,2026-03-05T02:00:01.683
4,1031430,2026-03-05T02:00:01.683
5,558537,2026-03-05T02:00:01.683
6,0,2026-03-05T02:00:01.683
7,13568,2026-03-05T02:00:01.683
1,994631,2026-03-05T03:00:01.631
2,20256,2026-03-05T03:00:01.631
3,433180,2026-03-05T03:00:01.631
4,1031460,2026-03-05T03:00:01.631
5,558553,2026-03-05T03:00:01.631
6,0,2026-03-05T03:00:01.631
7,13568,2026-03-05T03:00:01.631
1,994647,2026-03-05T04:00:01.567
2,20271,2026-03-05T04:00:01.567
3,433180,2026-03-05T04:00:01.567
4,1031490,2026-03-05T04:00:01.567
5,558570,2026-03-05T04:00:01.567
6,0,2026-03-05T04:00:01.567
7,13568,2026-03-05T04:00:01.567
1,994662,2026-03-05T05:00:01.777
2,20286,2026-03-05T05:00:01.777
3,433180,2026-03-05T05:00:01.777
4,1031520,2026-03-05T05:00:01.777
5,558585,2026-03-05T05:00:01.777
6,0,2026-03-05T05:00:01.777
7,13568,2026-03-05T05:00:01.777
1,994678,2026-03-05T06:00:01.585
2,20300,2026-03-05T06:00:01.585
3,433180,2026-03-05T06:00:01.585
4,1031550,2026-03-05T06:00:01.585
5,558601,2026-03-05T06:00:01.585
6,0,2026-03-05T06:00:01.585
7,13568,2026-03-05T06:00:01.585
1,994693,2026-03-05T07:00:01.599
2,20314,2026-03-05T07:00:01.599
3,433180,2026-03-05T07:00:01.599
4,1031590,2026-03-05T07:00:01.599
5,558616,2026-03-05T07:00:01.600
6,0,2026-03-05T07:00:01.600
7,13580,2026-03-05T07:00:01.600
1,994710,2026-03-05T08:00:01.564
2,20328,2026-03-05T08:00:01.564
3,433180,2026-03-05T08:00:01.564
4,1031630,2026-03-05T08:00:01.564
5,558634,2026-03-05T08:00:01.564
6,0,2026-03-05T08:00:01.564
7,13583,2026-03-05T08:00:01.564
1,994728,2026-03-05T09:00:01.595
2,20343,2026-03-05T09:00:01.595
3,433180,2026-03-05T09:00:01.595
4,1031670,2026-03-05T09:00:01.595
5,558650,2026-03-05T09:00:01.595
6,0,2026-03-05T09:00:01.595
7,13589,2026-03-05T09:00:01.595
1,994747,2026-03-05T10:00:01.611
2,20359,2026-03-05T10:00:01.611
3,433180,2026-03-05T10:00:01.611
4,1031700,2026-03-05T10:00:01.611
5,558666,2026-03-05T10:00:01.611
6,0,2026-03-05T10:00:01.611
7,13609,2026-03-05T10:00:01.611
1,994767,2026-03-05T11:00:01.538
2,20376,2026-03-05T11:00:01.538
3,433180,2026-03-05T11:00:01.538
4,1031750,2026-03-05T11:00:01.538
5,558683,2026-03-05T11:00:01.538
6,0,2026-03-05T11:00:01.538
7,13628,2026-03-05T11:00:01.538
1,994787,2026-03-05T12:00:01.819
2,20393,2026-03-05T12:00:01.819
3,433180,2026-03-05T12:00:01.819
4,1031790,2026-03-05T12:00:01.819
5,558699,2026-03-05T12:00:01.819
6,0,2026-03-05T12:00:01.819
7,13648,2026-03-05T12:00:01.820
1,994806,2026-03-05T13:00:01.591
2,20409,2026-03-05T13:00:01.591
3,433180,2026-03-05T13:00:01.591
4,1031830,2026-03-05T13:00:01.591
5,558715,2026-03-05T13:00:01.591
6,4,2026-03-05T13:00:01.591
7,13648,2026-03-05T13:00:01.591
1,994827,2026-03-05T14:00:01.570
2,20426,2026-03-05T14:00:01.570
3,433180,2026-03-05T14:00:01.570
4,1031870,2026-03-05T14:00:01.570
5,558733,2026-03-05T14:00:01.570
6,8,2026-03-05T14:00:01.570
7,13648,2026-03-05T14:00:01.570
1,994846,2026-03-05T15:00:01.598
2,20443,2026-03-05T15:00:01.598
3,433180,2026-03-05T15:00:01.598
4,1031920,2026-03-05T15:00:01.598
5,558748,2026-03-05T15:00:01.598
6,27,2026-03-05T15:00:01.598
7,13664,2026-03-05T15:00:01.598
1,994866,2026-03-05T16:00:01.687
2,20459,2026-03-05T16:00:01.688
3,433180,2026-03-05T16:00:01.688
4,1031960,2026-03-05T16:00:01.688
5,558766,2026-03-05T16:00:01.688
6,31,2026-03-05T16:00:01.688
7,13664,2026-03-05T16:00:01.688
1,994884,2026-03-05T17:00:01.549
2,20475,2026-03-05T17:00:01.550
3,433180,2026-03-05T17:00:01.550
4,1032000,2026-03-05T17:00:01.550
5,558782,2026-03-05T17:00:01.550
6,34,2026-03-05T17:00:01.550
7,13664,2026-03-05T17:00:01.550
1,994902,2026-03-05T18:00:01.657
2,20490,2026-03-05T18:00:01.657
3,433180,2026-03-05T18:00:01.657
4,1032040,2026-03-05T18:00:01.657
5,558797,2026-03-05T18:00:01.657
6,38,2026-03-05T18:00:01.657
7,13664,2026-03-05T18:00:01.657
1,994918,2026-03-05T19:00:01.813
2,20505,2026-03-05T19:00:01.813
3,433180,2026-03-05T19:00:01.813
4,1032070,2026-03-05T19:00:01.813
5,558815,2026-03-05T19:00:01.813
6,41,2026-03-05T19:00:01.813
7,13664,2026-03-05T19:00:01.813
1,994935,2026-03-05T20:00:01.600
2,20520,2026-03-05T20:00:01.600
3,433180,2026-03-05T20:00:01.600
4,1032100,2026-03-05T20:00:01.600
5,558830,2026-03-05T20:00:01.600
6,44,2026-03-05T20:00:01.600
7,13664,2026-03-05T20:00:01.600
1,994951,2026-03-05T21:00:01.592
2,20534,2026-03-05T21:00:01.592
3,433180,2026-03-05T21:00:01.592
4,1032130,2026-03-05T21:00:01.592
5,558846,2026-03-05T21:00:01.592
6,47,2026-03-05T21:00:01.592
7,13664,2026-03-05T21:00:01.592
1,994966,2026-03-05T22:00:01.603
2,20549,2026-03-05T22:00:01.603
3,433180,2026-03-05T22:00:01.603
4,1032160,2026-03-05T22:00:01.603
5,558863,2026-03-05T22:00:01.603
6,50,2026-03-05T22:00:01.603
7,13664,2026-03-05T22:00:01.603
1,994982,2026-03-05T23:00:01.715
2,20563,2026-03-05T23:00:01.715
3,433180,2026-03-05T23:00:01.715
4,1032190,2026-03-05T23:00:01.715
5,558878,2026-03-05T23:00:01.715
6,53,2026-03-05T23:00:01.715
7,13664,2026-03-05T23:00:01.715
1,994998,2026-03-06T00:00:01.572
2,20577,2026-03-06T00:00:01.572
3,433180,2026-03-06T00:00:01.572
4,1032220,2026-03-06T00:00:01.572
5,558894,2026-03-06T00:00:01.572
6,57,2026-03-06T00:00:01.572
7,13664,2026-03-06T00:00:01.572
1,995013,2026-03-06T01:00:01.567
2,20592,2026-03-06T01:00:01.567
3,433180,2026-03-06T01:00:01.567
4,1032250,2026-03-06T01:00:01.567
5,558909,2026-03-06T01:00:01.567
6,59,2026-03-06T01:00:01.567
7,13664,2026-03-06T01:00:01.567
1,995029,2026-03-06T02:00:01.574
2,20606,2026-03-06T02:00:01.574
3,433180,2026-03-06T02:00:01.574
4,1032280,2026-03-06T02:00:01.574
5,558927,2026-03-06T02:00:01.574
6,62,2026-03-06T02:00:01.574
7,13664,2026-03-06T02:00:01.575
1,995044,2026-03-06T03:00:01.602
2,20620,2026-03-06T03:00:01.602
3,433180,2026-03-06T03:00:01.602
4,1032300,2026-03-06T03:00:01.602
5,558942,2026-03-06T03:00:01.603
6,65,2026-03-06T03:00:01.603
7,13664,2026-03-06T03:00:01.603
1,995060,2026-03-06T04:00:01.601
2,20635,2026-03-06T04:00:01.601
3,433180,2026-03-06T04:00:01.602
4,1032330,2026-03-06T04:00:01.602
5,558958,2026-03-06T04:00:01.602
6,68,2026-03-06T04:00:01.602
7,13664,2026-03-06T04:00:01.602
1,995076,2026-03-06T05:00:01.528
2,20649,2026-03-06T05:00:01.528
3,433180,2026-03-06T05:00:01.528
4,1032350,2026-03-06T05:00:01.528
5,558975,2026-03-06T05:00:01.528
6,71,2026-03-06T05:00:01.528
7,13664,2026-03-06T05:00:01.528
1,995091,2026-03-06T06:00:01.657
2,20663,2026-03-06T06:00:01.657
3,433180,2026-03-06T06:00:01.657
4,1032380,2026-03-06T06:00:01.657
5,558991,2026-03-06T06:00:01.657
6,74,2026-03-06T06:00:01.657
7,13664,2026-03-06T06:00:01.657
1,995107,2026-03-06T07:00:01.578
2,20677,2026-03-06T07:00:01.578
3,433180,2026-03-06T07:00:01.579
4,1032400,2026-03-06T07:00:01.579
5,559006,2026-03-06T07:00:01.579
6,76,2026-03-06T07:00:01.579
7,13664,2026-03-06T07:00:01.579
1,995123,2026-03-06T08:00:01.542
2,20691,2026-03-06T08:00:01.542
3,433180,2026-03-06T08:00:01.542
4,1032430,2026-03-06T08:00:01.542
5,559024,2026-03-06T08:00:01.542
6,80,2026-03-06T08:00:01.542
7,13664,2026-03-06T08:00:01.542
1,995139,2026-03-06T09:00:01.574
2,20706,2026-03-06T09:00:01.575
3,433180,2026-03-06T09:00:01.575
4,1032440,2026-03-06T09:00:01.575
5,559040,2026-03-06T09:00:01.575
6,83,2026-03-06T09:00:01.575
7,13664,2026-03-06T09:00:01.575
1,995155,2026-03-06T10:00:01.607
2,20721,2026-03-06T10:00:01.607
3,433180,2026-03-06T10:00:01.607
4,1032450,2026-03-06T10:00:01.607
5,559056,2026-03-06T10:00:01.607
6,86,2026-03-06T10:00:01.607
7,13664,2026-03-06T10:00:01.607
1,995172,2026-03-06T11:00:01.588
2,20737,2026-03-06T11:00:01.588
3,433180,2026-03-06T11:00:01.588
4,1032460,2026-03-06T11:00:01.588
5,559073,2026-03-06T11:00:01.588
6,89,2026-03-06T11:00:01.588
7,13664,2026-03-06T11:00:01.588
1,995190,2026-03-06T12:00:01.564
2,20753,2026-03-06T12:00:01.564
3,433180,2026-03-06T12:00:01.564
4,1032460,2026-03-06T12:00:01.564
5,559089,2026-03-06T12:00:01.564
6,92,2026-03-06T12:00:01.564
7,13664,2026-03-06T12:00:01.564
1,995207,2026-03-06T13:00:01.809
2,20769,2026-03-06T13:00:01.810
3,433180,2026-03-06T13:00:01.810
4,1032470,2026-03-06T13:00:01.810
5,559105,2026-03-06T13:00:01.810
6,96,2026-03-06T13:00:01.810
7,13664,2026-03-06T13:00:01.810
1,995224,2026-03-06T14:00:01.522
2,20784,2026-03-06T14:00:01.522
3,433180,2026-03-06T14:00:01.522
4,1032480,2026-03-06T14:00:01.522
5,559122,2026-03-06T14:00:01.522
6,99,2026-03-06T14:00:01.522
7,13664,2026-03-06T14:00:01.522
1,995241,2026-03-06T15:00:01.502
2,20800,2026-03-06T15:00:01.502
3,433180,2026-03-06T15:00:01.502
4,1032490,2026-03-06T15:00:01.502
5,559138,2026-03-06T15:00:01.502
6,103,2026-03-06T15:00:01.502
7,13664,2026-03-06T15:00:01.502
1,995257,2026-03-06T16:00:01.553
2,20815,2026-03-06T16:00:01.553
3,433180,2026-03-06T16:00:01.554
4,1032500,2026-03-06T16:00:01.554
5,559153,2026-03-06T16:00:01.554
6,106,2026-03-06T16:00:01.554
7,13664,2026-03-06T16:00:01.554
1,995274,2026-03-06T17:00:01.558
2,20830,2026-03-06T17:00:01.558
3,433180,2026-03-06T17:00:01.558
4,1032530,2026-03-06T17:00:01.558
5,559171,2026-03-06T17:00:01.558
6,109,2026-03-06T17:00:01.558
7,13664,2026-03-06T17:00:01.558
1,995290,2026-03-06T18:00:01.556
2,20845,2026-03-06T18:00:01.556
3,433180,2026-03-06T18:00:01.556
4,1032550,2026-03-06T18:00:01.556
5,559186,2026-03-06T18:00:01.556
6,113,2026-03-06T18:00:01.556
7,13664,2026-03-06T18:00:01.556
1,995306,2026-03-06T19:00:01.572
2,20860,2026-03-06T19:00:01.572
3,433180,2026-03-06T19:00:01.572
4,1032580,2026-03-06T19:00:01.572
5,559201,2026-03-06T19:00:01.572
6,116,2026-03-06T19:00:01.572
7,13664,2026-03-06T19:00:01.572
1,995323,2026-03-06T20:00:01.790
2,20875,2026-03-06T20:00:01.790
3,433180,2026-03-06T20:00:01.790
4,1032610,2026-03-06T20:00:01.790
5,559218,2026-03-06T20:00:01.790
6,119,2026-03-06T20:00:01.790
7,13664,2026-03-06T20:00:01.790
1,995338,2026-03-06T21:00:01.577
2,20889,2026-03-06T21:00:01.577
3,433180,2026-03-06T21:00:01.577
4,1032630,2026-03-06T21:00:01.577
5,559233,2026-03-06T21:00:01.577
6,122,2026-03-06T21:00:01.577
7,13664,2026-03-06T21:00:01.577
1,995354,2026-03-06T22:00:01.593
2,20904,2026-03-06T22:00:01.593
3,433180,2026-03-06T22:00:01.594
4,1032650,2026-03-06T22:00:01.594
5,559249,2026-03-06T22:00:01.594
6,125,2026-03-06T22:00:01.594
7,13664,2026-03-06T22:00:01.594
1,995370,2026-03-06T23:00:01.639
2,20919,2026-03-06T23:00:01.640
3,433180,2026-03-06T23:00:01.640
4,1032680,2026-03-06T23:00:01.640
5,559264,2026-03-06T23:00:01.640
6,128,2026-03-06T23:00:01.640
7,13664,2026-03-06T23:00:01.640
1,995386,2026-03-07T00:00:01.559
2,20933,2026-03-07T00:00:01.559
3,433180,2026-03-07T00:00:01.559
4,1032710,2026-03-07T00:00:01.559
5,559281,2026-03-07T00:00:01.559
6,131,2026-03-07T00:00:01.559
7,13664,2026-03-07T00:00:01.559
1,995402,2026-03-07T01:00:01.618
2,20947,2026-03-07T01:00:01.618
3,433180,2026-03-07T01:00:01.618
4,1032730,2026-03-07T01:00:01.618
5,559296,2026-03-07T01:00:01.618
6,134,2026-03-07T01:00:01.618
7,13664,2026-03-07T01:00:01.618
1,995417,2026-03-07T02:00:01.549
2,20961,2026-03-07T02:00:01.549
3,433180,2026-03-07T02:00:01.549
4,1032750,2026-03-07T02:00:01.549
5,559311,2026-03-07T02:00:01.549
6,138,2026-03-07T02:00:01.549
7,13664,2026-03-07T02:00:01.550
1,995433,2026-03-07T03:00:01.801
2,20975,2026-03-07T03:00:01.801
3,433180,2026-03-07T03:00:01.801
4,1032780,2026-03-07T03:00:01.801
5,559328,2026-03-07T03:00:01.801
6,140,2026-03-07T03:00:01.801
7,13664,2026-03-07T03:00:01.801
1,995449,2026-03-07T04:00:01.596
2,20990,2026-03-07T04:00:01.596
3,433180,2026-03-07T04:00:01.596
4,1032810,2026-03-07T04:00:01.596
5,559343,2026-03-07T04:00:01.596
6,143,2026-03-07T04:00:01.596
7,13664,2026-03-07T04:00:01.596
1,995464,2026-03-07T05:00:01.607
2,21004,2026-03-07T05:00:01.607
3,433180,2026-03-07T05:00:01.607
4,1032830,2026-03-07T05:00:01.607
5,559358,2026-03-07T05:00:01.607
6,146,2026-03-07T05:00:01.607
7,13664,2026-03-07T05:00:01.607
1,995479,2026-03-07T06:00:01.576
2,21018,2026-03-07T06:00:01.576
3,433180,2026-03-07T06:00:01.576
4,1032860,2026-03-07T06:00:01.576
5,559375,2026-03-07T06:00:01.576
6,149,2026-03-07T06:00:01.576
7,13664,2026-03-07T06:00:01.576
1,995495,2026-03-07T07:00:01.817
2,21033,2026-03-07T07:00:01.817
3,433180,2026-03-07T07:00:01.817
4,1032880,2026-03-07T07:00:01.817
5,559391,2026-03-07T07:00:01.817
6,152,2026-03-07T07:00:01.817
7,13664,2026-03-07T07:00:01.817
1,995511,2026-03-07T08:00:01.601
2,21047,2026-03-07T08:00:01.601
3,433180,2026-03-07T08:00:01.601
4,1032900,2026-03-07T08:00:01.601
5,559406,2026-03-07T08:00:01.601
6,154,2026-03-07T08:00:01.601
7,13664,2026-03-07T08:00:01.601
1,995527,2026-03-07T09:00:01.552
2,21062,2026-03-07T09:00:01.552
3,433180,2026-03-07T09:00:01.552
4,1032920,2026-03-07T09:00:01.552
5,559424,2026-03-07T09:00:01.552
6,158,2026-03-07T09:00:01.552
7,13664,2026-03-07T09:00:01.552
1,995543,2026-03-07T10:00:01.741
2,21077,2026-03-07T10:00:01.741
3,433180,2026-03-07T10:00:01.741
4,1032940,2026-03-07T10:00:01.741
5,559439,2026-03-07T10:00:01.741
6,161,2026-03-07T10:00:01.741
7,13664,2026-03-07T10:00:01.741
1,995560,2026-03-07T11:00:01.559
2,21092,2026-03-07T11:00:01.559
3,433180,2026-03-07T11:00:01.559
4,1032950,2026-03-07T11:00:01.559
5,559455,2026-03-07T11:00:01.559
6,164,2026-03-07T11:00:01.559
7,13664,2026-03-07T11:00:01.559
1,995577,2026-03-07T12:00:01.627
2,21108,2026-03-07T12:00:01.627
3,433180,2026-03-07T12:00:01.627
4,1032960,2026-03-07T12:00:01.627
5,559472,2026-03-07T12:00:01.627
6,168,2026-03-07T12:00:01.627
7,13664,2026-03-07T12:00:01.627
1,995594,2026-03-07T13:00:01.586
2,21123,2026-03-07T13:00:01.586
3,433180,2026-03-07T13:00:01.586
4,1032980,2026-03-07T13:00:01.586
5,559487,2026-03-07T13:00:01.586
6,171,2026-03-07T13:00:01.586
7,13664,2026-03-07T13:00:01.586
1,995611,2026-03-07T14:00:01.630
2,21138,2026-03-07T14:00:01.630
3,433180,2026-03-07T14:00:01.630
4,1032990,2026-03-07T14:00:01.630
5,559503,2026-03-07T14:00:01.630
6,174,2026-03-07T14:00:01.630
7,13664,2026-03-07T14:00:01.630
1,995628,2026-03-07T15:00:01.543
2,21154,2026-03-07T15:00:01.543
3,433180,2026-03-07T15:00:01.543
4,1033000,2026-03-07T15:00:01.543
5,559521,2026-03-07T15:00:01.543
6,178,2026-03-07T15:00:01.543
7,13664,2026-03-07T15:00:01.543
1,995644,2026-03-07T16:00:01.602
2,21169,2026-03-07T16:00:01.602
3,433180,2026-03-07T16:00:01.602
4,1033020,2026-03-07T16:00:01.602
5,559536,2026-03-07T16:00:01.602
6,181,2026-03-07T16:00:01.602
7,13664,2026-03-07T16:00:01.602
1,995661,2026-03-07T17:00:01.574
2,21185,2026-03-07T17:00:01.574
3,433180,2026-03-07T17:00:01.574
4,1033040,2026-03-07T17:00:01.574
5,559551,2026-03-07T17:00:01.574
6,184,2026-03-07T17:00:01.574
7,13664,2026-03-07T17:00:01.574
1,995677,2026-03-07T18:00:01.651
2,21199,2026-03-07T18:00:01.651
3,433180,2026-03-07T18:00:01.651
4,1033070,2026-03-07T18:00:01.651
5,559568,2026-03-07T18:00:01.651
6,187,2026-03-07T18:00:01.651
7,13664,2026-03-07T18:00:01.651
1,995693,2026-03-07T19:00:01.586
2,21214,2026-03-07T19:00:01.586
3,433180,2026-03-07T19:00:01.586
4,1033090,2026-03-07T19:00:01.586
5,559584,2026-03-07T19:00:01.586
6,191,2026-03-07T19:00:01.587
7,13664,2026-03-07T19:00:01.587
1,995709,2026-03-07T20:00:01.577
2,21229,2026-03-07T20:00:01.577
3,433180,2026-03-07T20:00:01.577
4,1033110,2026-03-07T20:00:01.577
5,559599,2026-03-07T20:00:01.577
6,194,2026-03-07T20:00:01.577
7,13664,2026-03-07T20:00:01.577
1,995725,2026-03-07T21:00:01.785
2,21243,2026-03-07T21:00:01.785
3,433180,2026-03-07T21:00:01.785
4,1033140,2026-03-07T21:00:01.785
5,559616,2026-03-07T21:00:01.785
6,197,2026-03-07T21:00:01.785
7,13664,2026-03-07T21:00:01.785
1,995741,2026-03-07T22:00:01.589
2,21258,2026-03-07T22:00:01.589
3,433180,2026-03-07T22:00:01.589
4,1033170,2026-03-07T22:00:01.589
5,559631,2026-03-07T22:00:01.589
6,200,2026-03-07T22:00:01.589
7,13664,2026-03-07T22:00:01.589
1,995757,2026-03-07T23:00:01.516
2,21272,2026-03-07T23:00:01.516
3,433180,2026-03-07T23:00:01.516
4,1033190,2026-03-07T23:00:01.516
5,559646,2026-03-07T23:00:01.516
6,203,2026-03-07T23:00:01.516
7,13664,2026-03-07T23:00:01.517
1,995772,2026-03-08T00:00:01.605
2,21286,2026-03-08T00:00:01.605
3,433180,2026-03-08T00:00:01.605
4,1033220,2026-03-08T00:00:01.605
5,559661,2026-03-08T00:00:01.605
6,206,2026-03-08T00:00:01.605
7,13664,2026-03-08T00:00:01.605
1,995788,2026-03-08T01:00:01.574
2,21301,2026-03-08T01:00:01.574
3,433180,2026-03-08T01:00:01.574
4,1033240,2026-03-08T01:00:01.574
5,559678,2026-03-08T01:00:01.574
6,209,2026-03-08T01:00:01.574
7,13664,2026-03-08T01:00:01.574
1,995803,2026-03-08T02:00:01.596
2,21315,2026-03-08T02:00:01.596
3,433180,2026-03-08T02:00:01.596
4,1033270,2026-03-08T02:00:01.596
5,559694,2026-03-08T02:00:01.596
6,212,2026-03-08T02:00:01.596
7,13664,2026-03-08T02:00:01.596
1,995819,2026-03-08T03:00:01.493
2,21329,2026-03-08T03:00:01.493
3,433180,2026-03-08T03:00:01.493
4,1033290,2026-03-08T03:00:01.493
5,559709,2026-03-08T03:00:01.493
6,215,2026-03-08T03:00:01.493
7,13664,2026-03-08T03:00:01.493
1,995835,2026-03-08T04:00:01.856
2,21344,2026-03-08T04:00:01.856
3,433180,2026-03-08T04:00:01.856
4,1033320,2026-03-08T04:00:01.856
5,559726,2026-03-08T04:00:01.856
6,218,2026-03-08T04:00:01.856
7,13664,2026-03-08T04:00:01.856
1,995850,2026-03-08T05:00:01.627
2,21358,2026-03-08T05:00:01.627
3,433180,2026-03-08T05:00:01.627
4,1033340,2026-03-08T05:00:01.627
5,559742,2026-03-08T05:00:01.627
6,221,2026-03-08T05:00:01.627
7,13664,2026-03-08T05:00:01.627
1,995866,2026-03-08T06:00:01.618
2,21372,2026-03-08T06:00:01.618
3,433180,2026-03-08T06:00:01.618
4,1033370,2026-03-08T06:00:01.618
5,559757,2026-03-08T06:00:01.618
6,224,2026-03-08T06:00:01.618
7,13664,2026-03-08T06:00:01.618
1,995882,2026-03-08T07:00:01.500
2,21387,2026-03-08T07:00:01.500
3,433180,2026-03-08T07:00:01.500
4,1033400,2026-03-08T07:00:01.500
5,559776,2026-03-08T07:00:01.500
6,227,2026-03-08T07:00:01.500
7,13664,2026-03-08T07:00:01.501
1,995898,2026-03-08T08:00:01.605
2,21401,2026-03-08T08:00:01.605
3,433180,2026-03-08T08:00:01.605
4,1033440,2026-03-08T08:00:01.605
5,559795,2026-03-08T08:00:01.605
6,231,2026-03-08T08:00:01.605
7,13665,2026-03-08T08:00:01.605
1,995918,2026-03-08T09:00:01.626
2,21417,2026-03-08T09:00:01.626
3,433180,2026-03-08T09:00:01.626
4,1033500,2026-03-08T09:00:01.626
5,559816,2026-03-08T09:00:01.626
6,303,2026-03-08T09:00:01.626
7,13731,2026-03-08T09:00:01.626
1,995937,2026-03-08T10:00:01.615
2,21434,2026-03-08T10:00:01.615
3,433180,2026-03-08T10:00:01.615
4,1033560,2026-03-08T10:00:01.615
5,559838,2026-03-08T10:00:01.615
6,392,2026-03-08T10:00:01.615
7,13816,2026-03-08T10:00:01.615
1,995957,2026-03-08T11:00:01.907
2,21451,2026-03-08T11:00:01.908
3,433180,2026-03-08T11:00:01.908
4,1033620,2026-03-08T11:00:01.908
5,559858,2026-03-08T11:00:01.908
6,476,2026-03-08T11:00:01.908
7,13894,2026-03-08T11:00:01.908
1,995977,2026-03-08T12:00:01.635
2,21468,2026-03-08T12:00:01.635
3,433180,2026-03-08T12:00:01.635
4,1033670,2026-03-08T12:00:01.635
5,559878,2026-03-08T12:00:01.635
6,540,2026-03-08T12:00:01.635
7,13953,2026-03-08T12:00:01.635
1,995998,2026-03-08T13:00:01.613
2,21485,2026-03-08T13:00:01.614
3,433180,2026-03-08T13:00:01.614
4,1033730,2026-03-08T13:00:01.614
5,559903,2026-03-08T13:00:01.614
6,588,2026-03-08T13:00:01.614
7,13997,2026-03-08T13:00:01.614
1,996017,2026-03-08T14:00:01.605
2,21501,2026-03-08T14:00:01.605
3,433180,2026-03-08T14:00:01.605
4,1033790,2026-03-08T14:00:01.605
5,559925,2026-03-08T14:00:01.605
6,628,2026-03-08T14:00:01.605
7,14033,2026-03-08T14:00:01.605
1,996037,2026-03-08T15:00:01.602
2,21518,2026-03-08T15:00:01.602
3,433180,2026-03-08T15:00:01.602
4,1033850,2026-03-08T15:00:01.602
5,559949,2026-03-08T15:00:01.602
6,667,2026-03-08T15:00:01.602
7,14066,2026-03-08T15:00:01.602
1,996056,2026-03-08T16:00:01.636
2,21534,2026-03-08T16:00:01.636
3,433180,2026-03-08T16:00:01.636
4,1033910,2026-03-08T16:00:01.636
5,559974,2026-03-08T16:00:01.636
6,693,2026-03-08T16:00:01.636
7,14088,2026-03-08T16:00:01.636
1,996075,2026-03-08T17:00:01.686
2,21550,2026-03-08T17:00:01.686
3,433180,2026-03-08T17:00:01.686
4,1033960,2026-03-08T17:00:01.686
5,559997,2026-03-08T17:00:01.686
6,714,2026-03-08T17:00:01.686
7,14105,2026-03-08T17:00:01.686
1,996093,2026-03-08T18:00:01.898
2,21565,2026-03-08T18:00:01.899
3,433180,2026-03-08T18:00:01.899
4,1034020,2026-03-08T18:00:01.899
5,560019,2026-03-08T18:00:01.899
6,722,2026-03-08T18:00:01.899
7,14109,2026-03-08T18:00:01.899
1,996109,2026-03-08T19:00:01.578
2,21580,2026-03-08T19:00:01.578
3,433180,2026-03-08T19:00:01.578
4,1034060,2026-03-08T19:00:01.578
5,560039,2026-03-08T19:00:01.578
6,726,2026-03-08T19:00:01.579
7,14109,2026-03-08T19:00:01.579
1,996125,2026-03-08T20:00:01.592
2,21595,2026-03-08T20:00:01.592
3,433180,2026-03-08T20:00:01.592
4,1034090,2026-03-08T20:00:01.592
5,560057,2026-03-08T20:00:01.592
6,729,2026-03-08T20:00:01.592
7,14109,2026-03-08T20:00:01.592
1,996141,2026-03-08T21:00:01.544
2,21609,2026-03-08T21:00:01.544
3,433180,2026-03-08T21:00:01.544
4,1034120,2026-03-08T21:00:01.544
5,560073,2026-03-08T21:00:01.544
6,732,2026-03-08T21:00:01.544
7,14109,2026-03-08T21:00:01.544
1,996157,2026-03-08T22:00:01.741
2,21624,2026-03-08T22:00:01.741
3,433180,2026-03-08T22:00:01.741
4,1034150,2026-03-08T22:00:01.741
5,560090,2026-03-08T22:00:01.741
6,735,2026-03-08T22:00:01.741
7,14109,2026-03-08T22:00:01.741
1,996173,2026-03-08T23:00:01.551
2,21638,2026-03-08T23:00:01.551
3,433180,2026-03-08T23:00:01.551
4,1034170,2026-03-08T23:00:01.551
5,560109,2026-03-08T23:00:01.551
6,738,2026-03-08T23:00:01.551
7,14109,2026-03-08T23:00:01.551
1,996189,2026-03-09T00:00:01.599
2,21653,2026-03-09T00:00:01.599
3,433180,2026-03-09T00:00:01.599
4,1034200,2026-03-09T00:00:01.599
5,560126,2026-03-09T00:00:01.599
6,741,2026-03-09T00:00:01.599
7,14109,2026-03-09T00:00:01.599
1,996204,2026-03-09T01:00:01.603
2,21667,2026-03-09T01:00:01.603
3,433180,2026-03-09T01:00:01.603
4,1034230,2026-03-09T01:00:01.603
5,560142,2026-03-09T01:00:01.603
6,744,2026-03-09T01:00:01.603
7,14109,2026-03-09T01:00:01.603
1,996219,2026-03-09T02:00:01.588
2,21681,2026-03-09T02:00:01.588
3,433180,2026-03-09T02:00:01.588
4,1034260,2026-03-09T02:00:01.588
5,560161,2026-03-09T02:00:01.588
6,747,2026-03-09T02:00:01.588
7,14109,2026-03-09T02:00:01.588
1,996235,2026-03-09T03:00:01.541
2,21695,2026-03-09T03:00:01.541
3,433180,2026-03-09T03:00:01.541
4,1034280,2026-03-09T03:00:01.541
5,560177,2026-03-09T03:00:01.541
6,750,2026-03-09T03:00:01.541
7,14109,2026-03-09T03:00:01.541
1,996251,2026-03-09T04:00:01.593
2,21710,2026-03-09T04:00:01.593
3,433180,2026-03-09T04:00:01.593
4,1034310,2026-03-09T04:00:01.593
5,560194,2026-03-09T04:00:01.593
6,753,2026-03-09T04:00:01.593
7,14109,2026-03-09T04:00:01.593
1,996267,2026-03-09T05:00:01.778
2,21725,2026-03-09T05:00:01.778
3,433180,2026-03-09T05:00:01.778
4,1034340,2026-03-09T05:00:01.778
5,560213,2026-03-09T05:00:01.778
6,756,2026-03-09T05:00:01.778
7,14109,2026-03-09T05:00:01.779
1,996283,2026-03-09T06:00:01.616
2,21739,2026-03-09T06:00:01.616
3,433180,2026-03-09T06:00:01.616
4,1034360,2026-03-09T06:00:01.616
5,560229,2026-03-09T06:00:01.616
6,758,2026-03-09T06:00:01.616
7,14109,2026-03-09T06:00:01.616
1,996298,2026-03-09T07:00:01.602
2,21753,2026-03-09T07:00:01.602
3,433180,2026-03-09T07:00:01.602
4,1034400,2026-03-09T07:00:01.602
5,560246,2026-03-09T07:00:01.602
6,761,2026-03-09T07:00:01.602
7,14109,2026-03-09T07:00:01.602
1,996314,2026-03-09T08:00:01.537
2,21767,2026-03-09T08:00:01.537
3,433180,2026-03-09T08:00:01.537
4,1034460,2026-03-09T08:00:01.537
5,560268,2026-03-09T08:00:01.537
6,765,2026-03-09T08:00:01.537
7,14109,2026-03-09T08:00:01.537
1,996333,2026-03-09T09:00:01.663
2,21783,2026-03-09T09:00:01.663
3,433180,2026-03-09T09:00:01.663
4,1034520,2026-03-09T09:00:01.663
5,560287,2026-03-09T09:00:01.663
6,792,2026-03-09T09:00:01.663
7,14131,2026-03-09T09:00:01.663
1,996352,2026-03-09T10:00:01.648
2,21799,2026-03-09T10:00:01.648
3,433180,2026-03-09T10:00:01.648
4,1034570,2026-03-09T10:00:01.648
5,560306,2026-03-09T10:00:01.648
6,841,2026-03-09T10:00:01.648
7,14178,2026-03-09T10:00:01.648
1,996372,2026-03-09T11:00:01.576
2,21816,2026-03-09T11:00:01.576
3,433180,2026-03-09T11:00:01.576
4,1034630,2026-03-09T11:00:01.576
5,560328,2026-03-09T11:00:01.577
6,916,2026-03-09T11:00:01.577
7,14247,2026-03-09T11:00:01.577
1,996393,2026-03-09T12:00:01.758
2,21833,2026-03-09T12:00:01.758
3,433180,2026-03-09T12:00:01.758
4,1034690,2026-03-09T12:00:01.758
5,560349,2026-03-09T12:00:01.758
6,969,2026-03-09T12:00:01.758
7,14297,2026-03-09T12:00:01.758
1,996414,2026-03-09T13:00:01.573
2,21851,2026-03-09T13:00:01.573
3,433180,2026-03-09T13:00:01.573
4,1034740,2026-03-09T13:00:01.573
5,560369,2026-03-09T13:00:01.573
6,1017,2026-03-09T13:00:01.573
7,14339,2026-03-09T13:00:01.573
1,996435,2026-03-09T14:00:01.642
2,21869,2026-03-09T14:00:01.642
3,433180,2026-03-09T14:00:01.642
4,1034800,2026-03-09T14:00:01.642
5,560391,2026-03-09T14:00:01.642
6,1041,2026-03-09T14:00:01.642
7,14358,2026-03-09T14:00:01.642
1,996457,2026-03-09T15:00:01.606
2,21888,2026-03-09T15:00:01.606
3,433180,2026-03-09T15:00:01.606
4,1034860,2026-03-09T15:00:01.606
5,560411,2026-03-09T15:00:01.606
6,1057,2026-03-09T15:00:01.606
7,14371,2026-03-09T15:00:01.606
1,996483,2026-03-09T16:13:37.250
2,21911,2026-03-09T16:13:37.255
3,433180,2026-03-09T16:13:37.255
4,1034940,2026-03-09T16:13:37.255
5,560435,2026-03-09T16:13:37.255
6,1069,2026-03-09T16:13:37.255
7,14379,2026-03-09T16:13:37.255
1,996484,2026-03-09T16:15:43.716
2,21911,2026-03-09T16:15:43.718
3,433180,2026-03-09T16:15:43.718
4,1034940,2026-03-09T16:15:43.718
5,560437,2026-03-09T16:15:43.718
6,1070,2026-03-09T16:15:43.718
7,14379,2026-03-09T16:15:43.718
1,996484,2026-03-09T16:15:47.485
2,21911,2026-03-09T16:15:47.487
3,433180,2026-03-09T16:15:47.487
4,1034940,2026-03-09T16:15:47.487
5,560437,2026-03-09T16:15:47.487
6,1070,2026-03-09T16:15:47.487
7,14379,2026-03-09T16:15:47.487
1,996484,2026-03-09T16:15:51.242
2,21911,2026-03-09T16:15:51.244
3,433180,2026-03-09T16:15:51.244
4,1034940,2026-03-09T16:15:51.244
5,560437,2026-03-09T16:15:51.244
6,1070,2026-03-09T16:15:51.244
7,14379,2026-03-09T16:15:51.244
1,996484,2026-03-09T16:15:55.082
2,21911,2026-03-09T16:15:55.084
3,433180,2026-03-09T16:15:55.084
4,1034940,2026-03-09T16:15:55.084
5,560437,2026-03-09T16:15:55.084
6,1070,2026-03-09T16:15:55.084
7,14379,2026-03-09T16:15:55.084
1,996484,2026-03-09T16:15:58.918
2,21911,2026-03-09T16:15:58.920
3,433180,2026-03-09T16:15:58.920
4,1034940,2026-03-09T16:15:58.920
5,560437,2026-03-09T16:15:58.920
6,1070,2026-03-09T16:15:58.920
7,14379,2026-03-09T16:15:58.921
1,996484,2026-03-09T16:16:02.722
2,21911,2026-03-09T16:16:02.724
3,433180,2026-03-09T16:16:02.724
4,1034940,2026-03-09T16:16:02.725
5,560437,2026-03-09T16:16:02.725
6,1070,2026-03-09T16:16:02.725
7,14379,2026-03-09T16:16:02.725
